brief_id,priority_rank,working_title,recommended_h1,target_url_slug,content_status,primary_keyword,secondary_keywords,relevant_question_queries,search_intent,funnel_stage,estimated_demand,estimated_ranking_difficulty,business_value_score,topical_authority_value,conversion_potential,safety_or_trust_importance,overall_priority_score,target_audience_persona,parent_topic_cluster,recommended_content_type,recommended_word_count_range,searchers_main_question,recommended_answer_first_introduction,proposed_h2_h3_outline,originality_requirement,nigerian_or_student_specific_examples_to_include,required_factual_claims_to_verify,recommended_authoritative_source_types,existing_internal_pages_to_link_to,future_supporting_pages_that_should_link_to_it,required_link_to_parent_pillar,safety_page_linking_requirement,primary_cta,secondary_cta,recommended_cta_placement,featured_image_concept,suggested_image_alt_text,recommended_schema,suggested_faq_questions,featured_snippet_or_ai_answer_opportunity,suggested_author_or_expert_reviewer_type,freshness_or_update_schedule,cannibalization_risks,notes_for_writer,notes_for_developer_or_publisher
"COM-001","1","Best Dating Apps in Nigeria for Students","Best Dating Apps in Nigeria for Students","/blog/best-dating-apps-nigeria-students","Existing page expansion","dating apps in Nigeria","dating app in Nigeria, Nigerian dating apps, best dating apps for students","What is dating apps in Nigeria? | How should students approach dating apps in Nigeria? | What should Nigerian students know before acting on this advice? | How can The College Date help with this safely?","Commercial","Consideration","Very High","High","10","10","8","6","81","Someone new to online dating","Commercial and Product Discovery","Commercial landing page or comparison guide","1,200-2,000 words","What should I know about dating apps in Nigeria as a student?","Best Dating Apps in Nigeria for Students should help Nigerian students compare options without hype and understand when a campus-focused app like The College Date is the right fit.","Short answer: who this page is for | What students should look for | Comparison criteria | Safety and trust checks | Where The College Date fits | Download and next steps | FAQs","Include student-specific scenarios, Nigerian campus context where relevant, and practical examples that are not copied from generic dating advice pages.","Use examples from lectures, hostels, faculty events, resumption periods, Lagos hangouts, student budgets, campus transport, group chats, and Android-first mobile usage where natural.","Verify The College Date app availability, Android package com.collegedate.app, official Google Play URL, and avoid unsupported ranking or user-count claims.","Official app pages, Google Play listing, university resources, reputable Nigerian media, expert-reviewed relationship or safety resources.","/download | /faq | /safety | /about","/dating-app-for-university-students-nigeria | /dating-app-in-nigeria | /dating-app-for-students | /college-dating-app | /nigeria-dating-app","/dating-app-in-nigeria","Link to /safety when the page discusses meeting, privacy, scams, boundaries, consent, or messaging risk.","Download The College Date","Read the FAQ","One contextual CTA after the first useful section and one gentle final CTA. Avoid interrupting safety or wellbeing advice.","Best Dating Apps in Nigeria for Students visual with Nigerian student/campus context, app-neutral composition, and no fake testimonial elements.","Best Dating Apps in Nigeria for Students guide for Nigerian students","WebPage, FAQPage, BreadcrumbList","What is dating apps in Nigeria? | How should students approach dating apps in Nigeria? | What should Nigerian students know before acting on this advice?","Add a 40-60 word answer box near the top, followed by a concise checklist or table that can be cited by AI search systems.","Editorial author with Nigerian student lifestyle familiarity","Review quarterly for app/store/competitor changes.","Refresh the existing URL; do not create a duplicate page for this intent.","Follow the Editorial Handbook: educate first, avoid stereotypes, avoid fake claims, use calm student-focused language, and make the content useful without search traffic.","Add canonical self-reference, BreadcrumbList, appropriate Article/FAQ/tool schema, internal related-links block, optimized image metadata, and sitemap inclusion only when published."
"COM-002","2","Dating App for University Students in Nigeria","Dating App for University Students in Nigeria","/dating-app-for-university-students-nigeria","Existing page expansion","dating app for university students in Nigeria","student dating app Nigeria, university dating app, campus dating app Nigeria","What is dating app for university students in Nigeria? | How should students approach dating app for university students in Nigeria? | What should Nigerian students know before acting on this advice? | How can The College Date help with this safely?","Commercial","Consideration","High","Medium","10","10","9","7","84","Someone new to online dating","Commercial and Product Discovery","Commercial landing page or comparison guide","1,200-2,000 words","What should I know about dating app for university students in Nigeria as a student?","Dating App for University Students in Nigeria should help Nigerian students compare options without hype and understand when a campus-focused app like The College Date is the right fit.","Short answer: who this page is for | What students should look for | Comparison criteria | Safety and trust checks | Where The College Date fits | Download and next steps | FAQs","Include student-specific scenarios, Nigerian campus context where relevant, and practical examples that are not copied from generic dating advice pages.","Use examples from lectures, hostels, faculty events, resumption periods, Lagos hangouts, student budgets, campus transport, group chats, and Android-first mobile usage where natural.","Verify The College Date app availability, Android package com.collegedate.app, official Google Play URL, and avoid unsupported ranking or user-count claims.","Official app pages, Google Play listing, university resources, reputable Nigerian media, expert-reviewed relationship or safety resources.","/download | /faq | /safety | /about","/blog/best-dating-apps-nigeria-students | /dating-app-in-nigeria | /dating-app-for-students | /college-dating-app | /nigeria-dating-app","/dating-app-in-nigeria","Link to /safety when the page discusses meeting, privacy, scams, boundaries, consent, or messaging risk.","Download The College Date","Read the FAQ","One contextual CTA after the first useful section and one gentle final CTA. Avoid interrupting safety or wellbeing advice.","Dating App for University Students in Nigeria visual with Nigerian student/campus context, app-neutral composition, and no fake testimonial elements.","Dating App for University Students in Nigeria guide for Nigerian students","WebPage, FAQPage, BreadcrumbList","What is dating app for university students in Nigeria? | How should students approach dating app for university students in Nigeria? | What should Nigerian students know before acting on this advice?","Add a 40-60 word answer box near the top, followed by a concise checklist or table that can be cited by AI search systems.","Editorial author with Nigerian student lifestyle familiarity","Review quarterly for app/store/competitor changes.","Refresh the existing URL; do not create a duplicate page for this intent.","Follow the Editorial Handbook: educate first, avoid stereotypes, avoid fake claims, use calm student-focused language, and make the content useful without search traffic.","Add canonical self-reference, BreadcrumbList, appropriate Article/FAQ/tool schema, internal related-links block, optimized image metadata, and sitemap inclusion only when published."
"COM-003","3","Dating App in Nigeria for Campus Connections","Dating App in Nigeria for Campus Connections","/dating-app-in-nigeria","Existing page expansion","dating app in Nigeria","Nigeria dating app, dating app download Nigeria, campus connections","What is dating app in Nigeria? | How should students approach dating app in Nigeria? | What should Nigerian students know before acting on this advice? | How can The College Date help with this safely?","Commercial","Consideration","Very High","High","10","10","9","6","82","Someone new to online dating","Commercial and Product Discovery","Commercial landing page or comparison guide","1,200-2,000 words","What should I know about dating app in Nigeria as a student?","Dating App in Nigeria for Campus Connections should help Nigerian students compare options without hype and understand when a campus-focused app like The College Date is the right fit.","Short answer: who this page is for | What students should look for | Comparison criteria | Safety and trust checks | Where The College Date fits | Download and next steps | FAQs","Include student-specific scenarios, Nigerian campus context where relevant, and practical examples that are not copied from generic dating advice pages.","Use examples from lectures, hostels, faculty events, resumption periods, Lagos hangouts, student budgets, campus transport, group chats, and Android-first mobile usage where natural.","Verify The College Date app availability, Android package com.collegedate.app, official Google Play URL, and avoid unsupported ranking or user-count claims.","Official app pages, Google Play listing, university resources, reputable Nigerian media, expert-reviewed relationship or safety resources.","/download | /faq | /safety | /about","/blog/best-dating-apps-nigeria-students | /dating-app-for-university-students-nigeria | /dating-app-for-students | /college-dating-app | /nigeria-dating-app","/dating-app-in-nigeria","Link to /safety when the page discusses meeting, privacy, scams, boundaries, consent, or messaging risk.","Download The College Date","Read the FAQ","One contextual CTA after the first useful section and one gentle final CTA. Avoid interrupting safety or wellbeing advice.","Dating App in Nigeria for Campus Connections visual with Nigerian student/campus context, app-neutral composition, and no fake testimonial elements.","Dating App in Nigeria for Campus Connections guide for Nigerian students","WebPage, FAQPage, BreadcrumbList","What is dating app in Nigeria? | How should students approach dating app in Nigeria? | What should Nigerian students know before acting on this advice?","Add a 40-60 word answer box near the top, followed by a concise checklist or table that can be cited by AI search systems.","Editorial author with Nigerian student lifestyle familiarity","Review quarterly for app/store/competitor changes.","Refresh the existing URL; do not create a duplicate page for this intent.","Follow the Editorial Handbook: educate first, avoid stereotypes, avoid fake claims, use calm student-focused language, and make the content useful without search traffic.","Add canonical self-reference, BreadcrumbList, appropriate Article/FAQ/tool schema, internal related-links block, optimized image metadata, and sitemap inclusion only when published."
"COM-004","4","Dating App for Students","Dating App for Students","/dating-app-for-students","Existing page expansion","dating app for students","student dating app, college student dating app, uni dating app","What is dating app for students? | How should students approach dating app for students? | What should Nigerian students know before acting on this advice? | How can The College Date help with this safely?","Commercial","Consideration","High","High","9","10","8","6","75","Someone new to online dating","Commercial and Product Discovery","Commercial landing page or comparison guide","1,200-2,000 words","What should I know about dating app for students as a student?","Dating App for Students should help Nigerian students compare options without hype and understand when a campus-focused app like The College Date is the right fit.","Short answer: who this page is for | What students should look for | Comparison criteria | Safety and trust checks | Where The College Date fits | Download and next steps | FAQs","Include student-specific scenarios, Nigerian campus context where relevant, and practical examples that are not copied from generic dating advice pages.","Use examples from lectures, hostels, faculty events, resumption periods, Lagos hangouts, student budgets, campus transport, group chats, and Android-first mobile usage where natural.","Verify The College Date app availability, Android package com.collegedate.app, official Google Play URL, and avoid unsupported ranking or user-count claims.","Official app pages, Google Play listing, university resources, reputable Nigerian media, expert-reviewed relationship or safety resources.","/download | /faq | /safety | /about","/blog/best-dating-apps-nigeria-students | /dating-app-for-university-students-nigeria | /dating-app-in-nigeria | /college-dating-app | /nigeria-dating-app","/dating-app-in-nigeria","Link to /safety when the page discusses meeting, privacy, scams, boundaries, consent, or messaging risk.","Download The College Date","Read the FAQ","One contextual CTA after the first useful section and one gentle final CTA. Avoid interrupting safety or wellbeing advice.","Dating App for Students visual with Nigerian student/campus context, app-neutral composition, and no fake testimonial elements.","Dating App for Students guide for Nigerian students","WebPage, FAQPage, BreadcrumbList","What is dating app for students? | How should students approach dating app for students? | What should Nigerian students know before acting on this advice?","Add a 40-60 word answer box near the top, followed by a concise checklist or table that can be cited by AI search systems.","Editorial author with Nigerian student lifestyle familiarity","Review quarterly for app/store/competitor changes.","Refresh the existing URL; do not create a duplicate page for this intent.","Follow the Editorial Handbook: educate first, avoid stereotypes, avoid fake claims, use calm student-focused language, and make the content useful without search traffic.","Add canonical self-reference, BreadcrumbList, appropriate Article/FAQ/tool schema, internal related-links block, optimized image metadata, and sitemap inclusion only when published."
"COM-005","5","College Dating App for Students","College Dating App for Students","/college-dating-app","Existing page expansion","college dating app","college dating site, campus dating app, dating app for college students","What is college dating app? | How should students approach college dating app? | What should Nigerian students know before acting on this advice? | How can The College Date help with this safely?","Commercial","Consideration","High","High","8","8","8","5","69","Someone new to online dating","Commercial and Product Discovery","Commercial landing page or comparison guide","1,200-2,000 words","What should I know about college dating app as a student?","College Dating App for Students should help Nigerian students compare options without hype and understand when a campus-focused app like The College Date is the right fit.","Short answer: who this page is for | What students should look for | Comparison criteria | Safety and trust checks | Where The College Date fits | Download and next steps | FAQs","Include student-specific scenarios, Nigerian campus context where relevant, and practical examples that are not copied from generic dating advice pages.","Use examples from lectures, hostels, faculty events, resumption periods, Lagos hangouts, student budgets, campus transport, group chats, and Android-first mobile usage where natural.","Verify The College Date app availability, Android package com.collegedate.app, official Google Play URL, and avoid unsupported ranking or user-count claims.","Official app pages, Google Play listing, university resources, reputable Nigerian media, expert-reviewed relationship or safety resources.","/download | /faq | /safety | /about","/blog/best-dating-apps-nigeria-students | /dating-app-for-university-students-nigeria | /dating-app-in-nigeria | /dating-app-for-students | /nigeria-dating-app","/dating-app-in-nigeria","Link to /safety when the page discusses meeting, privacy, scams, boundaries, consent, or messaging risk.","Download The College Date","Read the FAQ","One contextual CTA after the first useful section and one gentle final CTA. Avoid interrupting safety or wellbeing advice.","College Dating App for Students visual with Nigerian student/campus context, app-neutral composition, and no fake testimonial elements.","College Dating App for Students guide for Nigerian students","WebPage, FAQPage, BreadcrumbList","What is college dating app? | How should students approach college dating app? | What should Nigerian students know before acting on this advice?","Add a 40-60 word answer box near the top, followed by a concise checklist or table that can be cited by AI search systems.","Editorial author with Nigerian student lifestyle familiarity","Review quarterly for app/store/competitor changes.","Refresh the existing URL; do not create a duplicate page for this intent.","Follow the Editorial Handbook: educate first, avoid stereotypes, avoid fake claims, use calm student-focused language, and make the content useful without search traffic.","Add canonical self-reference, BreadcrumbList, appropriate Article/FAQ/tool schema, internal related-links block, optimized image metadata, and sitemap inclusion only when published."
"COM-006","6","Nigeria Dating App for Students","Nigeria Dating App for Students","/nigeria-dating-app","Existing page expansion","Nigeria dating app for students","Nigerian dating app, student dating Nigeria, campus dating Nigeria","What is Nigeria dating app for students? | How should students approach Nigeria dating app for students? | What should Nigerian students know before acting on this advice? | How can The College Date help with this safely?","Commercial","Consideration","High","Medium","10","9","9","6","81","Someone new to online dating","Commercial and Product Discovery","Commercial landing page or comparison guide","1,200-2,000 words","What should I know about Nigeria dating app for students as a student?","Nigeria Dating App for Students should help Nigerian students compare options without hype and understand when a campus-focused app like The College Date is the right fit.","Short answer: who this page is for | What students should look for | Comparison criteria | Safety and trust checks | Where The College Date fits | Download and next steps | FAQs","Include student-specific scenarios, Nigerian campus context where relevant, and practical examples that are not copied from generic dating advice pages.","Use examples from lectures, hostels, faculty events, resumption periods, Lagos hangouts, student budgets, campus transport, group chats, and Android-first mobile usage where natural.","Verify The College Date app availability, Android package com.collegedate.app, official Google Play URL, and avoid unsupported ranking or user-count claims.","Official app pages, Google Play listing, university resources, reputable Nigerian media, expert-reviewed relationship or safety resources.","/download | /faq | /safety | /about","/blog/best-dating-apps-nigeria-students | /dating-app-for-university-students-nigeria | /dating-app-in-nigeria | /dating-app-for-students | /college-dating-app","/dating-app-in-nigeria","Link to /safety when the page discusses meeting, privacy, scams, boundaries, consent, or messaging risk.","Download The College Date","Read the FAQ","One contextual CTA after the first useful section and one gentle final CTA. Avoid interrupting safety or wellbeing advice.","Nigeria Dating App for Students visual with Nigerian student/campus context, app-neutral composition, and no fake testimonial elements.","Nigeria Dating App for Students guide for Nigerian students","WebPage, FAQPage, BreadcrumbList","What is Nigeria dating app for students? | How should students approach Nigeria dating app for students? | What should Nigerian students know before acting on this advice?","Add a 40-60 word answer box near the top, followed by a concise checklist or table that can be cited by AI search systems.","Editorial author with Nigerian student lifestyle familiarity","Review quarterly for app/store/competitor changes.","Refresh the existing URL; do not create a duplicate page for this intent.","Follow the Editorial Handbook: educate first, avoid stereotypes, avoid fake claims, use calm student-focused language, and make the content useful without search traffic.","Add canonical self-reference, BreadcrumbList, appropriate Article/FAQ/tool schema, internal related-links block, optimized image metadata, and sitemap inclusion only when published."
"COM-007","7","Best Dating Site for Students in Nigeria","Best Dating Site for Students in Nigeria","/best-dating-site-for-students-nigeria","Existing page expansion","best dating site for students in Nigeria","student dating site Nigeria, dating website for students, best dating app Nigeria","What is best dating site for students in Nigeria? | How should students approach best dating site for students in Nigeria? | What should Nigerian students know before acting on this advice? | How can The College Date help with this safely?","Commercial","Consideration","Medium","Medium","8","8","7","5","69","Someone new to online dating","Commercial and Product Discovery","Commercial landing page or comparison guide","1,200-2,000 words","What should I know about best dating site for students in Nigeria as a student?","Best Dating Site for Students in Nigeria should help Nigerian students compare options without hype and understand when a campus-focused app like The College Date is the right fit.","Short answer: who this page is for | What students should look for | Comparison criteria | Safety and trust checks | Where The College Date fits | Download and next steps | FAQs","Include student-specific scenarios, Nigerian campus context where relevant, and practical examples that are not copied from generic dating advice pages.","Use examples from lectures, hostels, faculty events, resumption periods, Lagos hangouts, student budgets, campus transport, group chats, and Android-first mobile usage where natural.","Verify The College Date app availability, Android package com.collegedate.app, official Google Play URL, and avoid unsupported ranking or user-count claims.","Official app pages, Google Play listing, university resources, reputable Nigerian media, expert-reviewed relationship or safety resources.","/download | /faq | /safety | /about","/blog/best-dating-apps-nigeria-students | /dating-app-for-university-students-nigeria | /dating-app-in-nigeria | /dating-app-for-students | /college-dating-app","/dating-app-in-nigeria","Link to /safety when the page discusses meeting, privacy, scams, boundaries, consent, or messaging risk.","Download The College Date","Read the FAQ","One contextual CTA after the first useful section and one gentle final CTA. Avoid interrupting safety or wellbeing advice.","Best Dating Site for Students in Nigeria visual with Nigerian student/campus context, app-neutral composition, and no fake testimonial elements.","Best Dating Site for Students in Nigeria guide for Nigerian students","WebPage, FAQPage, BreadcrumbList","What is best dating site for students in Nigeria? | How should students approach best dating site for students in Nigeria? | What should Nigerian students know before acting on this advice?","Add a 40-60 word answer box near the top, followed by a concise checklist or table that can be cited by AI search systems.","Editorial author with Nigerian student lifestyle familiarity","Review quarterly for app/store/competitor changes.","Refresh the existing URL; do not create a duplicate page for this intent.","Follow the Editorial Handbook: educate first, avoid stereotypes, avoid fake claims, use calm student-focused language, and make the content useful without search traffic.","Add canonical self-reference, BreadcrumbList, appropriate Article/FAQ/tool schema, internal related-links block, optimized image metadata, and sitemap inclusion only when published."
"COM-008","8","Safe Dating App in Nigeria for Students","Safe Dating App in Nigeria for Students","/safe-dating-app-nigeria","Existing page expansion","safe dating app Nigeria","safe dating app for students, online dating safety Nigeria, student dating safety","What is safe dating app Nigeria? | How should students approach safe dating app Nigeria? | What should Nigerian students know before acting on this advice? | How can The College Date help with this safely?","Commercial","Consideration","Medium","Medium","9","9","8","10","78","Someone new to online dating","Commercial and Product Discovery","Commercial landing page or comparison guide","1,200-2,000 words","What should I know about safe dating app Nigeria as a student?","Safe Dating App in Nigeria for Students should help Nigerian students compare options without hype and understand when a campus-focused app like The College Date is the right fit.","Short answer: who this page is for | What students should look for | Comparison criteria | Safety and trust checks | Where The College Date fits | Download and next steps | FAQs","Include student-specific scenarios, Nigerian campus context where relevant, and practical examples that are not copied from generic dating advice pages.","Use examples from lectures, hostels, faculty events, resumption periods, Lagos hangouts, student budgets, campus transport, group chats, and Android-first mobile usage where natural.","Verify The College Date app availability, Android package com.collegedate.app, official Google Play URL, and avoid unsupported ranking or user-count claims.","Official app pages, Google Play listing, university resources, reputable Nigerian media, expert-reviewed relationship or safety resources.","/download | /faq | /safety | /about","/blog/best-dating-apps-nigeria-students | /dating-app-for-university-students-nigeria | /dating-app-in-nigeria | /dating-app-for-students | /college-dating-app","/dating-app-in-nigeria","Link to /safety when the page discusses meeting, privacy, scams, boundaries, consent, or messaging risk.","Download The College Date","Read the FAQ","One contextual CTA after the first useful section and one gentle final CTA. Avoid interrupting safety or wellbeing advice.","Safe Dating App in Nigeria for Students visual with Nigerian student/campus context, app-neutral composition, and no fake testimonial elements.","Safe Dating App in Nigeria for Students guide for Nigerian students","WebPage, FAQPage, BreadcrumbList","What is safe dating app Nigeria? | How should students approach safe dating app Nigeria? | What should Nigerian students know before acting on this advice?","Add a 40-60 word answer box near the top, followed by a concise checklist or table that can be cited by AI search systems.","Editorial author with Nigerian student lifestyle familiarity","Review quarterly for app/store/competitor changes.","Refresh the existing URL; do not create a duplicate page for this intent.","Follow the Editorial Handbook: educate first, avoid stereotypes, avoid fake claims, use calm student-focused language, and make the content useful without search traffic.","Add canonical self-reference, BreadcrumbList, appropriate Article/FAQ/tool schema, internal related-links block, optimized image metadata, and sitemap inclusion only when published."
"COM-009","9","Serious Relationship App in Nigeria for Students","Serious Relationship App in Nigeria for Students","/serious-relationship-app-nigeria-students","Existing page expansion","serious relationship app Nigeria students","serious dating app Nigeria, relationship app for students, intentional dating","What is serious relationship app Nigeria students? | How should students approach serious relationship app Nigeria students? | What should Nigerian students know before acting on this advice? | How can The College Date help with this safely?","Commercial","Consideration","Medium","Medium","8","8","8","6","71","Someone new to online dating","Commercial and Product Discovery","Commercial landing page or comparison guide","1,200-2,000 words","What should I know about serious relationship app Nigeria students as a student?","Serious Relationship App in Nigeria for Students should help Nigerian students compare options without hype and understand when a campus-focused app like The College Date is the right fit.","Short answer: who this page is for | What students should look for | Comparison criteria | Safety and trust checks | Where The College Date fits | Download and next steps | FAQs","Include student-specific scenarios, Nigerian campus context where relevant, and practical examples that are not copied from generic dating advice pages.","Use examples from lectures, hostels, faculty events, resumption periods, Lagos hangouts, student budgets, campus transport, group chats, and Android-first mobile usage where natural.","Verify The College Date app availability, Android package com.collegedate.app, official Google Play URL, and avoid unsupported ranking or user-count claims.","Official app pages, Google Play listing, university resources, reputable Nigerian media, expert-reviewed relationship or safety resources.","/download | /faq | /safety | /about","/blog/best-dating-apps-nigeria-students | /dating-app-for-university-students-nigeria | /dating-app-in-nigeria | /dating-app-for-students | /college-dating-app","/dating-app-in-nigeria","Link to /safety when the page discusses meeting, privacy, scams, boundaries, consent, or messaging risk.","Download The College Date","Read the FAQ","One contextual CTA after the first useful section and one gentle final CTA. Avoid interrupting safety or wellbeing advice.","Serious Relationship App in Nigeria for Students visual with Nigerian student/campus context, app-neutral composition, and no fake testimonial elements.","Serious Relationship App in Nigeria for Students guide for Nigerian students","WebPage, FAQPage, BreadcrumbList","What is serious relationship app Nigeria students? | How should students approach serious relationship app Nigeria students? | What should Nigerian students know before acting on this advice?","Add a 40-60 word answer box near the top, followed by a concise checklist or table that can be cited by AI search systems.","Editorial author with Nigerian student lifestyle familiarity","Review quarterly for app/store/competitor changes.","Refresh the existing URL; do not create a duplicate page for this intent.","Follow the Editorial Handbook: educate first, avoid stereotypes, avoid fake claims, use calm student-focused language, and make the content useful without search traffic.","Add canonical self-reference, BreadcrumbList, appropriate Article/FAQ/tool schema, internal related-links block, optimized image metadata, and sitemap inclusion only when published."
"COM-010","10","Online Dating App for Undergraduates","Online Dating App for Undergraduates","/online-dating-app-for-undergraduates","Existing page expansion","online dating app for undergraduates","undergraduate dating app, dating app for college students, student online dating","What is online dating app for undergraduates? | How should students approach online dating app for undergraduates? | What should Nigerian students know before acting on this advice? | How can The College Date help with this safely?","Commercial","Consideration","Medium","Medium","8","8","8","6","71","Someone new to online dating","Commercial and Product Discovery","Commercial landing page or comparison guide","1,200-2,000 words","What should I know about online dating app for undergraduates as a student?","Online Dating App for Undergraduates should help Nigerian students compare options without hype and understand when a campus-focused app like The College Date is the right fit.","Short answer: who this page is for | What students should look for | Comparison criteria | Safety and trust checks | Where The College Date fits | Download and next steps | FAQs","Include student-specific scenarios, Nigerian campus context where relevant, and practical examples that are not copied from generic dating advice pages.","Use examples from lectures, hostels, faculty events, resumption periods, Lagos hangouts, student budgets, campus transport, group chats, and Android-first mobile usage where natural.","Verify The College Date app availability, Android package com.collegedate.app, official Google Play URL, and avoid unsupported ranking or user-count claims.","Official app pages, Google Play listing, university resources, reputable Nigerian media, expert-reviewed relationship or safety resources.","/download | /faq | /safety | /about","/blog/best-dating-apps-nigeria-students | /dating-app-for-university-students-nigeria | /dating-app-in-nigeria | /dating-app-for-students | /college-dating-app","/dating-app-in-nigeria","Link to /safety when the page discusses meeting, privacy, scams, boundaries, consent, or messaging risk.","Download The College Date","Read the FAQ","One contextual CTA after the first useful section and one gentle final CTA. Avoid interrupting safety or wellbeing advice.","Online Dating App for Undergraduates visual with Nigerian student/campus context, app-neutral composition, and no fake testimonial elements.","Online Dating App for Undergraduates guide for Nigerian students","WebPage, FAQPage, BreadcrumbList","What is online dating app for undergraduates? | How should students approach online dating app for undergraduates? | What should Nigerian students know before acting on this advice?","Add a 40-60 word answer box near the top, followed by a concise checklist or table that can be cited by AI search systems.","Editorial author with Nigerian student lifestyle familiarity","Review quarterly for app/store/competitor changes.","Refresh the existing URL; do not create a duplicate page for this intent.","Follow the Editorial Handbook: educate first, avoid stereotypes, avoid fake claims, use calm student-focused language, and make the content useful without search traffic.","Add canonical self-reference, BreadcrumbList, appropriate Article/FAQ/tool schema, internal related-links block, optimized image metadata, and sitemap inclusion only when published."
"COM-011","11","Polytechnic Dating App in Nigeria","Polytechnic Dating App in Nigeria","/polytechnic-dating-app-nigeria","New page","polytechnic dating app Nigeria","dating app for polytechnic students, student dating app Nigeria, campus dating","What is polytechnic dating app Nigeria? | How should students approach polytechnic dating app Nigeria? | What should Nigerian students know before acting on this advice? | How can The College Date help with this safely?","Commercial","Consideration","Low","Low","8","8","7","5","65","Someone new to online dating","Commercial and Product Discovery","Commercial landing page or comparison guide","1,200-2,000 words","What should I know about polytechnic dating app Nigeria as a student?","Polytechnic Dating App in Nigeria should help Nigerian students compare options without hype and understand when a campus-focused app like The College Date is the right fit.","Short answer: who this page is for | What students should look for | Comparison criteria | Safety and trust checks | Where The College Date fits | Download and next steps | FAQs","Include student-specific scenarios, Nigerian campus context where relevant, and practical examples that are not copied from generic dating advice pages.","Use examples from lectures, hostels, faculty events, resumption periods, Lagos hangouts, student budgets, campus transport, group chats, and Android-first mobile usage where natural.","Verify The College Date app availability, Android package com.collegedate.app, official Google Play URL, and avoid unsupported ranking or user-count claims.","Official app pages, Google Play listing, university resources, reputable Nigerian media, expert-reviewed relationship or safety resources.","/download | /faq | /safety | /about","/blog/best-dating-apps-nigeria-students | /dating-app-for-university-students-nigeria | /dating-app-in-nigeria | /dating-app-for-students | /college-dating-app","/dating-app-in-nigeria","Link to /safety when the page discusses meeting, privacy, scams, boundaries, consent, or messaging risk.","Download The College Date","Read the FAQ","One contextual CTA after the first useful section and one gentle final CTA. Avoid interrupting safety or wellbeing advice.","Polytechnic Dating App in Nigeria visual with Nigerian student/campus context, app-neutral composition, and no fake testimonial elements.","Polytechnic Dating App in Nigeria guide for Nigerian students","WebPage, FAQPage, BreadcrumbList","What is polytechnic dating app Nigeria? | How should students approach polytechnic dating app Nigeria? | What should Nigerian students know before acting on this advice?","Add a 40-60 word answer box near the top, followed by a concise checklist or table that can be cited by AI search systems.","Editorial author with Nigerian student lifestyle familiarity","Review quarterly for app/store/competitor changes.","Differentiate from /dating-app-in-nigeria by keeping this page focused on polytechnic dating app Nigeria.","Follow the Editorial Handbook: educate first, avoid stereotypes, avoid fake claims, use calm student-focused language, and make the content useful without search traffic.","Add canonical self-reference, BreadcrumbList, appropriate Article/FAQ/tool schema, internal related-links block, optimized image metadata, and sitemap inclusion only when published."
"COM-012","12","Free Dating Apps in Nigeria for Students: What to Know","Free Dating Apps in Nigeria for Students: What to Know","/free-dating-apps-in-nigeria-for-students","New page","free dating apps in Nigeria for students","dating apps in Nigeria without payment, free dating app Nigeria, student dating app free","What is free dating apps in Nigeria for students? | How should students approach free dating apps in Nigeria for students? | What should Nigerian students know before acting on this advice? | How can The College Date help with this safely?","Commercial","Consideration","High","High","8","7","7","7","67","Someone new to online dating","Commercial and Product Discovery","Commercial landing page or comparison guide","1,200-2,000 words","What should I know about free dating apps in Nigeria for students as a student?","Free Dating Apps in Nigeria for Students: What to Know should help Nigerian students compare options without hype and understand when a campus-focused app like The College Date is the right fit.","Short answer: who this page is for | What students should look for | Comparison criteria | Safety and trust checks | Where The College Date fits | Download and next steps | FAQs","Include student-specific scenarios, Nigerian campus context where relevant, and practical examples that are not copied from generic dating advice pages.","Use examples from lectures, hostels, faculty events, resumption periods, Lagos hangouts, student budgets, campus transport, group chats, and Android-first mobile usage where natural.","Verify The College Date app availability, Android package com.collegedate.app, official Google Play URL, and avoid unsupported ranking or user-count claims.","Official app pages, Google Play listing, university resources, reputable Nigerian media, expert-reviewed relationship or safety resources.","/download | /faq | /safety | /about","/blog/best-dating-apps-nigeria-students | /dating-app-for-university-students-nigeria | /dating-app-in-nigeria | /dating-app-for-students | /college-dating-app","/dating-app-in-nigeria","Link to /safety when the page discusses meeting, privacy, scams, boundaries, consent, or messaging risk.","Download The College Date","Read the FAQ","One contextual CTA after the first useful section and one gentle final CTA. Avoid interrupting safety or wellbeing advice.","Free Dating Apps in Nigeria for Students: What to Know visual with Nigerian student/campus context, app-neutral composition, and no fake testimonial elements.","Free Dating Apps in Nigeria for Students: What to Know guide for Nigerian students","WebPage, FAQPage, BreadcrumbList","What is free dating apps in Nigeria for students? | How should students approach free dating apps in Nigeria for students? | What should Nigerian students know before acting on this advice?","Add a 40-60 word answer box near the top, followed by a concise checklist or table that can be cited by AI search systems.","Editorial author with Nigerian student lifestyle familiarity","Review quarterly for app/store/competitor changes.","Differentiate from /dating-app-in-nigeria by keeping this page focused on free dating apps in Nigeria for students.","Follow the Editorial Handbook: educate first, avoid stereotypes, avoid fake claims, use calm student-focused language, and make the content useful without search traffic.","Add canonical self-reference, BreadcrumbList, appropriate Article/FAQ/tool schema, internal related-links block, optimized image metadata, and sitemap inclusion only when published."
"COM-013","13","Download The College Date App","Download The College Date App","/download","Existing page refresh","The College Date app download","College Date app download, CD app download, dating app for Nigerian students Android","What is The College Date app download? | How should students approach The College Date app download? | What should Nigerian students know before acting on this advice? | How can The College Date help with this safely?","Transactional","Consideration","Medium","Low","10","8","10","5","80","Someone new to online dating","Commercial and Product Discovery","Commercial landing page or comparison guide","1,200-2,000 words","What should I know about The College Date app download as a student?","Download The College Date App should help Nigerian students compare options without hype and understand when a campus-focused app like The College Date is the right fit.","Short answer: who this page is for | What students should look for | Comparison criteria | Safety and trust checks | Where The College Date fits | Download and next steps | FAQs","Include student-specific scenarios, Nigerian campus context where relevant, and practical examples that are not copied from generic dating advice pages.","Use examples from lectures, hostels, faculty events, resumption periods, Lagos hangouts, student budgets, campus transport, group chats, and Android-first mobile usage where natural.","Verify The College Date app availability, Android package com.collegedate.app, official Google Play URL, and avoid unsupported ranking or user-count claims.","Official app pages, Google Play listing, university resources, reputable Nigerian media, expert-reviewed relationship or safety resources.","/download | /faq | /safety | /about","/blog/best-dating-apps-nigeria-students | /dating-app-for-university-students-nigeria | /dating-app-in-nigeria | /dating-app-for-students | /college-dating-app","/dating-app-in-nigeria","Link to /safety when the page discusses meeting, privacy, scams, boundaries, consent, or messaging risk.","Download The College Date","Read the FAQ","One contextual CTA after the first useful section and one gentle final CTA. Avoid interrupting safety or wellbeing advice.","Download The College Date App visual with Nigerian student/campus context, app-neutral composition, and no fake testimonial elements.","Download The College Date App guide for Nigerian students","WebPage, FAQPage, BreadcrumbList","What is The College Date app download? | How should students approach The College Date app download? | What should Nigerian students know before acting on this advice?","Add a 40-60 word answer box near the top, followed by a concise checklist or table that can be cited by AI search systems.","Editorial author with Nigerian student lifestyle familiarity","Review quarterly for app/store/competitor changes.","Refresh the existing URL; do not create a duplicate page for this intent.","Follow the Editorial Handbook: educate first, avoid stereotypes, avoid fake claims, use calm student-focused language, and make the content useful without search traffic.","Add canonical self-reference, BreadcrumbList, appropriate Article/FAQ/tool schema, internal related-links block, optimized image metadata, and sitemap inclusion only when published."
"COM-014","14","Dating Apps in Nigeria Without Payment: Student Guide","Dating Apps in Nigeria Without Payment: A Student Guide","/dating-apps-in-nigeria-without-payment-students","New page","dating apps in Nigeria without payment","free dating apps Nigeria, dating app in Nigeria for free, dating app costs","What is dating apps in Nigeria without payment? | How should students approach dating apps in Nigeria without payment? | What should Nigerian students know before acting on this advice? | How can The College Date help with this safely?","Commercial","Consideration","High","High","7","7","6","7","64","Someone new to online dating","Commercial and Product Discovery","Commercial landing page or comparison guide","1,200-2,000 words","What should I know about dating apps in Nigeria without payment as a student?","Dating Apps in Nigeria Without Payment: Student Guide should help Nigerian students compare options without hype and understand when a campus-focused app like The College Date is the right fit.","Short answer: who this page is for | What students should look for | Comparison criteria | Safety and trust checks | Where The College Date fits | Download and next steps | FAQs","Include student-specific scenarios, Nigerian campus context where relevant, and practical examples that are not copied from generic dating advice pages.","Use examples from lectures, hostels, faculty events, resumption periods, Lagos hangouts, student budgets, campus transport, group chats, and Android-first mobile usage where natural.","Verify The College Date app availability, Android package com.collegedate.app, official Google Play URL, and avoid unsupported ranking or user-count claims.","Official app pages, Google Play listing, university resources, reputable Nigerian media, expert-reviewed relationship or safety resources.","/download | /faq | /safety | /about","/blog/best-dating-apps-nigeria-students | /dating-app-for-university-students-nigeria | /dating-app-in-nigeria | /dating-app-for-students | /college-dating-app","/dating-app-in-nigeria","Link to /safety when the page discusses meeting, privacy, scams, boundaries, consent, or messaging risk.","Download The College Date","Read the FAQ","One contextual CTA after the first useful section and one gentle final CTA. Avoid interrupting safety or wellbeing advice.","Dating Apps in Nigeria Without Payment: Student Guide visual with Nigerian student/campus context, app-neutral composition, and no fake testimonial elements.","Dating Apps in Nigeria Without Payment: Student Guide guide for Nigerian students","WebPage, FAQPage, BreadcrumbList","What is dating apps in Nigeria without payment? | How should students approach dating apps in Nigeria without payment? | What should Nigerian students know before acting on this advice?","Add a 40-60 word answer box near the top, followed by a concise checklist or table that can be cited by AI search systems.","Editorial author with Nigerian student lifestyle familiarity","Review quarterly for app/store/competitor changes.","Differentiate from /dating-app-in-nigeria by keeping this page focused on dating apps in Nigeria without payment.","Follow the Editorial Handbook: educate first, avoid stereotypes, avoid fake claims, use calm student-focused language, and make the content useful without search traffic.","Add canonical self-reference, BreadcrumbList, appropriate Article/FAQ/tool schema, internal related-links block, optimized image metadata, and sitemap inclusion only when published."
"COM-015","15","Student Dating Platforms in Nigeria Compared","Student Dating Platforms in Nigeria Compared","/student-dating-platforms-nigeria","New page","student dating platforms Nigeria","dating app comparison Nigeria, campus dating app comparison, student dating sites","What is student dating platforms Nigeria? | How should students approach student dating platforms Nigeria? | What should Nigerian students know before acting on this advice? | How can The College Date help with this safely?","Commercial","Consideration","Medium","Medium","8","8","8","6","69","Someone new to online dating","Commercial and Product Discovery","Commercial landing page or comparison guide","1,200-2,000 words","What should I know about student dating platforms Nigeria as a student?","Student Dating Platforms in Nigeria Compared should help Nigerian students compare options without hype and understand when a campus-focused app like The College Date is the right fit.","Short answer: who this page is for | What students should look for | Comparison criteria | Safety and trust checks | Where The College Date fits | Download and next steps | FAQs","Include student-specific scenarios, Nigerian campus context where relevant, and practical examples that are not copied from generic dating advice pages.","Use examples from lectures, hostels, faculty events, resumption periods, Lagos hangouts, student budgets, campus transport, group chats, and Android-first mobile usage where natural.","Verify The College Date app availability, Android package com.collegedate.app, official Google Play URL, and avoid unsupported ranking or user-count claims.","Official app pages, Google Play listing, university resources, reputable Nigerian media, expert-reviewed relationship or safety resources.","/download | /faq | /safety | /about","/blog/best-dating-apps-nigeria-students | /dating-app-for-university-students-nigeria | /dating-app-in-nigeria | /dating-app-for-students | /college-dating-app","/dating-app-in-nigeria","Link to /safety when the page discusses meeting, privacy, scams, boundaries, consent, or messaging risk.","Download The College Date","Read the FAQ","One contextual CTA after the first useful section and one gentle final CTA. Avoid interrupting safety or wellbeing advice.","Student Dating Platforms in Nigeria Compared visual with Nigerian student/campus context, app-neutral composition, and no fake testimonial elements.","Student Dating Platforms in Nigeria Compared guide for Nigerian students","WebPage, FAQPage, BreadcrumbList","What is student dating platforms Nigeria? | How should students approach student dating platforms Nigeria? | What should Nigerian students know before acting on this advice?","Add a 40-60 word answer box near the top, followed by a concise checklist or table that can be cited by AI search systems.","Editorial author with Nigerian student lifestyle familiarity","Review quarterly for app/store/competitor changes.","Differentiate from /dating-app-in-nigeria by keeping this page focused on student dating platforms Nigeria.","Follow the Editorial Handbook: educate first, avoid stereotypes, avoid fake claims, use calm student-focused language, and make the content useful without search traffic.","Add canonical self-reference, BreadcrumbList, appropriate Article/FAQ/tool schema, internal related-links block, optimized image metadata, and sitemap inclusion only when published."
"CAMP-001","16","Campus Dating App for Student Connections","Campus Dating App for Student Connections","/campus-dating","Existing page expansion","campus dating app","campus dating, dating on campus, student connections","What is campus dating app? | How should students approach campus dating app? | What should Nigerian students know before acting on this advice? | How can The College Date help with this safely?","Informational","Awareness","Medium","Medium","10","10","9","6","79","First-year undergraduate","Campus and Student Dating","Student guide","900-1,500 words","What should I know about campus dating app as a student?","Campus Dating App for Student Connections should answer the student’s main question first, then give practical Nigerian campus examples and safety-conscious next steps.","What campus dating app means for students | Why it matters on Nigerian campuses | Practical steps and examples | Mistakes to avoid | Safety and privacy notes | How The College Date fits naturally | FAQs","Include student-specific scenarios, Nigerian campus context where relevant, and practical examples that are not copied from generic dating advice pages.","Use examples from lectures, hostels, faculty events, resumption periods, Lagos hangouts, student budgets, campus transport, group chats, and Android-first mobile usage where natural.","Verify any factual claims about The College Date, Nigerian locations, school terms, app features, and public safety guidance.","Official app pages, Google Play listing, university resources, reputable Nigerian media, expert-reviewed relationship or safety resources.","/student-dating | /dating-app-for-university-students-nigeria | /safety | /download","/student-dating | /university-dating-nigeria | /dating-as-a-fresher | /how-to-meet-people-on-campus | /campus-crush-advice","/campus-dating","Link to /safety when the page discusses meeting, privacy, scams, boundaries, consent, or messaging risk.","Create a student profile","Read campus safety tips","One contextual CTA after the first useful section and one gentle final CTA. Avoid interrupting safety or wellbeing advice.","Campus Dating App for Student Connections visual with Nigerian student/campus context, app-neutral composition, and no fake testimonial elements.","Campus Dating App for Student Connections guide for Nigerian students","Article, FAQPage, BreadcrumbList","What is campus dating app? | How should students approach campus dating app? | What should Nigerian students know before acting on this advice?","Add a 40-60 word answer box near the top, followed by a concise checklist or table that can be cited by AI search systems.","Editorial author with Nigerian student lifestyle familiarity","Review every 6-12 months, sooner if user safety or product facts change.","Refresh the existing URL; do not create a duplicate page for this intent.","Follow the Editorial Handbook: educate first, avoid stereotypes, avoid fake claims, use calm student-focused language, and make the content useful without search traffic.","Add canonical self-reference, BreadcrumbList, appropriate Article/FAQ/tool schema, internal related-links block, optimized image metadata, and sitemap inclusion only when published."
"CAMP-002","17","Student Dating App for University Communities","Student Dating App for University Communities","/student-dating","Existing page expansion","student dating app","student dating, university dating app, college dating app","What is student dating app? | How should students approach student dating app? | What should Nigerian students know before acting on this advice? | How can The College Date help with this safely?","Informational","Awareness","High","High","9","10","9","6","76","First-year undergraduate","Campus and Student Dating","Student guide","900-1,500 words","What should I know about student dating app as a student?","Student Dating App for University Communities should answer the student’s main question first, then give practical Nigerian campus examples and safety-conscious next steps.","What student dating app means for students | Why it matters on Nigerian campuses | Practical steps and examples | Mistakes to avoid | Safety and privacy notes | How The College Date fits naturally | FAQs","Include student-specific scenarios, Nigerian campus context where relevant, and practical examples that are not copied from generic dating advice pages.","Use examples from lectures, hostels, faculty events, resumption periods, Lagos hangouts, student budgets, campus transport, group chats, and Android-first mobile usage where natural.","Verify any factual claims about The College Date, Nigerian locations, school terms, app features, and public safety guidance.","Official app pages, Google Play listing, university resources, reputable Nigerian media, expert-reviewed relationship or safety resources.","/student-dating | /dating-app-for-university-students-nigeria | /safety | /download","/campus-dating | /university-dating-nigeria | /dating-as-a-fresher | /how-to-meet-people-on-campus | /campus-crush-advice","/campus-dating","Link to /safety when the page discusses meeting, privacy, scams, boundaries, consent, or messaging risk.","Create a student profile","Read campus safety tips","One contextual CTA after the first useful section and one gentle final CTA. Avoid interrupting safety or wellbeing advice.","Student Dating App for University Communities visual with Nigerian student/campus context, app-neutral composition, and no fake testimonial elements.","Student Dating App for University Communities guide for Nigerian students","Article, FAQPage, BreadcrumbList","What is student dating app? | How should students approach student dating app? | What should Nigerian students know before acting on this advice?","Add a 40-60 word answer box near the top, followed by a concise checklist or table that can be cited by AI search systems.","Editorial author with Nigerian student lifestyle familiarity","Review every 6-12 months, sooner if user safety or product facts change.","Refresh the existing URL; do not create a duplicate page for this intent.","Follow the Editorial Handbook: educate first, avoid stereotypes, avoid fake claims, use calm student-focused language, and make the content useful without search traffic.","Add canonical self-reference, BreadcrumbList, appropriate Article/FAQ/tool schema, internal related-links block, optimized image metadata, and sitemap inclusion only when published."
"CAMP-003","18","University Dating in Nigeria","University Dating in Nigeria","/university-dating-nigeria","Existing page expansion","university dating Nigeria","dating in Nigerian universities, campus relationships, student dating Nigeria","What is university dating Nigeria? | How should students approach university dating Nigeria? | What should Nigerian students know before acting on this advice? | How can The College Date help with this safely?","Informational","Awareness","Medium","Medium","8","10","7","6","73","First-year undergraduate","Campus and Student Dating","Student guide","900-1,500 words","What should I know about university dating Nigeria as a student?","University Dating in Nigeria should answer the student’s main question first, then give practical Nigerian campus examples and safety-conscious next steps.","What university dating Nigeria means for students | Why it matters on Nigerian campuses | Practical steps and examples | Mistakes to avoid | Safety and privacy notes | How The College Date fits naturally | FAQs","Include student-specific scenarios, Nigerian campus context where relevant, and practical examples that are not copied from generic dating advice pages.","Use examples from lectures, hostels, faculty events, resumption periods, Lagos hangouts, student budgets, campus transport, group chats, and Android-first mobile usage where natural.","Verify any factual claims about The College Date, Nigerian locations, school terms, app features, and public safety guidance.","Official app pages, Google Play listing, university resources, reputable Nigerian media, expert-reviewed relationship or safety resources.","/student-dating | /dating-app-for-university-students-nigeria | /safety | /download","/campus-dating | /student-dating | /dating-as-a-fresher | /how-to-meet-people-on-campus | /campus-crush-advice","/campus-dating","Link to /safety when the page discusses meeting, privacy, scams, boundaries, consent, or messaging risk.","Create a student profile","Read campus safety tips","One contextual CTA after the first useful section and one gentle final CTA. Avoid interrupting safety or wellbeing advice.","University Dating in Nigeria visual with Nigerian student/campus context, app-neutral composition, and no fake testimonial elements.","University Dating in Nigeria guide for Nigerian students","Article, FAQPage, BreadcrumbList","What is university dating Nigeria? | How should students approach university dating Nigeria? | What should Nigerian students know before acting on this advice?","Add a 40-60 word answer box near the top, followed by a concise checklist or table that can be cited by AI search systems.","Editorial author with Nigerian student lifestyle familiarity","Review every 6-12 months, sooner if user safety or product facts change.","Refresh the existing URL; do not create a duplicate page for this intent.","Follow the Editorial Handbook: educate first, avoid stereotypes, avoid fake claims, use calm student-focused language, and make the content useful without search traffic.","Add canonical self-reference, BreadcrumbList, appropriate Article/FAQ/tool schema, internal related-links block, optimized image metadata, and sitemap inclusion only when published."
"CAMP-004","19","Dating as a Fresher: A Nigerian Student Guide","Dating as a Fresher: A Nigerian Student Guide","/dating-as-a-fresher","New page","dating as a fresher","fresher dating advice, first year dating, campus dating tips","What is dating as a fresher? | How should students approach dating as a fresher? | What should Nigerian students know before acting on this advice? | How can The College Date help with this safely?","Informational","Awareness","Emerging","Low","7","8","6","7","67","First-year undergraduate","Campus and Student Dating","Student guide","900-1,500 words","What should I know about dating as a fresher as a student?","Dating as a Fresher: A Nigerian Student Guide should answer the student’s main question first, then give practical Nigerian campus examples and safety-conscious next steps.","What dating as a fresher means for students | Why it matters on Nigerian campuses | Practical steps and examples | Mistakes to avoid | Safety and privacy notes | How The College Date fits naturally | FAQs","Include student-specific scenarios, Nigerian campus context where relevant, and practical examples that are not copied from generic dating advice pages.","Use examples from lectures, hostels, faculty events, resumption periods, Lagos hangouts, student budgets, campus transport, group chats, and Android-first mobile usage where natural.","Verify any factual claims about The College Date, Nigerian locations, school terms, app features, and public safety guidance.","Official app pages, Google Play listing, university resources, reputable Nigerian media, expert-reviewed relationship or safety resources.","/student-dating | /dating-app-for-university-students-nigeria | /safety | /download","/campus-dating | /student-dating | /university-dating-nigeria | /how-to-meet-people-on-campus | /campus-crush-advice","/campus-dating","Link to /safety when the page discusses meeting, privacy, scams, boundaries, consent, or messaging risk.","Create a student profile","Read campus safety tips","One contextual CTA after the first useful section and one gentle final CTA. Avoid interrupting safety or wellbeing advice.","Dating as a Fresher: A Nigerian Student Guide visual with Nigerian student/campus context, app-neutral composition, and no fake testimonial elements.","Dating as a Fresher: A Nigerian Student Guide guide for Nigerian students","Article, FAQPage, BreadcrumbList","What is dating as a fresher? | How should students approach dating as a fresher? | What should Nigerian students know before acting on this advice?","Add a 40-60 word answer box near the top, followed by a concise checklist or table that can be cited by AI search systems.","Editorial author with Nigerian student lifestyle familiarity","Review every 6-12 months, sooner if user safety or product facts change.","Differentiate from /campus-dating by keeping this page focused on dating as a fresher.","Follow the Editorial Handbook: educate first, avoid stereotypes, avoid fake claims, use calm student-focused language, and make the content useful without search traffic.","Add canonical self-reference, BreadcrumbList, appropriate Article/FAQ/tool schema, internal related-links block, optimized image metadata, and sitemap inclusion only when published."
"CAMP-005","20","How to Meet People on Campus Without Pressure","How to Meet People on Campus Without Pressure","/how-to-meet-people-on-campus","New page","how to meet people on campus","make friends on campus, meet students, campus social life","What is how to meet people on campus? | How should students approach how to meet people on campus? | What should Nigerian students know before acting on this advice? | How can The College Date help with this safely?","Informational","Awareness","Medium","Medium","7","9","6","5","65","First-year undergraduate","Campus and Student Dating","Student guide","900-1,500 words","What should I know about how to meet people on campus as a student?","How to Meet People on Campus Without Pressure should answer the student’s main question first, then give practical Nigerian campus examples and safety-conscious next steps.","What how to meet people on campus means for students | Why it matters on Nigerian campuses | Practical steps and examples | Mistakes to avoid | Safety and privacy notes | How The College Date fits naturally | FAQs","Include student-specific scenarios, Nigerian campus context where relevant, and practical examples that are not copied from generic dating advice pages.","Use examples from lectures, hostels, faculty events, resumption periods, Lagos hangouts, student budgets, campus transport, group chats, and Android-first mobile usage where natural.","Verify any factual claims about The College Date, Nigerian locations, school terms, app features, and public safety guidance.","Official app pages, Google Play listing, university resources, reputable Nigerian media, expert-reviewed relationship or safety resources.","/student-dating | /dating-app-for-university-students-nigeria | /safety | /download","/campus-dating | /student-dating | /university-dating-nigeria | /dating-as-a-fresher | /campus-crush-advice","/campus-dating","Link to /safety when the page discusses meeting, privacy, scams, boundaries, consent, or messaging risk.","Create a student profile","Read campus safety tips","One contextual CTA after the first useful section and one gentle final CTA. Avoid interrupting safety or wellbeing advice.","How to Meet People on Campus Without Pressure visual with Nigerian student/campus context, app-neutral composition, and no fake testimonial elements.","How to Meet People on Campus Without Pressure guide for Nigerian students","Article, FAQPage, BreadcrumbList","What is how to meet people on campus? | How should students approach how to meet people on campus? | What should Nigerian students know before acting on this advice?","Add a 40-60 word answer box near the top, followed by a concise checklist or table that can be cited by AI search systems.","Editorial author with Nigerian student lifestyle familiarity","Review every 6-12 months, sooner if user safety or product facts change.","Differentiate from /campus-dating by keeping this page focused on how to meet people on campus.","Follow the Editorial Handbook: educate first, avoid stereotypes, avoid fake claims, use calm student-focused language, and make the content useful without search traffic.","Add canonical self-reference, BreadcrumbList, appropriate Article/FAQ/tool schema, internal related-links block, optimized image metadata, and sitemap inclusion only when published."
"CAMP-006","21","Campus Crush Advice for Students","Campus Crush Advice for Students","/campus-crush-advice","New page","campus crush advice","campus crush meaning, how to talk to your crush, student crush","What is campus crush advice? | How should students approach campus crush advice? | What should Nigerian students know before acting on this advice? | How can The College Date help with this safely?","Informational","Awareness","Medium","Medium","7","8","6","5","64","First-year undergraduate","Campus and Student Dating","Student guide","900-1,500 words","What should I know about campus crush advice as a student?","Campus Crush Advice for Students should answer the student’s main question first, then give practical Nigerian campus examples and safety-conscious next steps.","What campus crush advice means for students | Why it matters on Nigerian campuses | Practical steps and examples | Mistakes to avoid | Safety and privacy notes | How The College Date fits naturally | FAQs","Include student-specific scenarios, Nigerian campus context where relevant, and practical examples that are not copied from generic dating advice pages.","Use examples from lectures, hostels, faculty events, resumption periods, Lagos hangouts, student budgets, campus transport, group chats, and Android-first mobile usage where natural.","Verify any factual claims about The College Date, Nigerian locations, school terms, app features, and public safety guidance.","Official app pages, Google Play listing, university resources, reputable Nigerian media, expert-reviewed relationship or safety resources.","/student-dating | /dating-app-for-university-students-nigeria | /safety | /download","/campus-dating | /student-dating | /university-dating-nigeria | /dating-as-a-fresher | /how-to-meet-people-on-campus","/campus-dating","Link to /safety when the page discusses meeting, privacy, scams, boundaries, consent, or messaging risk.","Create a student profile","Read campus safety tips","One contextual CTA after the first useful section and one gentle final CTA. Avoid interrupting safety or wellbeing advice.","Campus Crush Advice for Students visual with Nigerian student/campus context, app-neutral composition, and no fake testimonial elements.","Campus Crush Advice for Students guide for Nigerian students","Article, FAQPage, BreadcrumbList","What is campus crush advice? | How should students approach campus crush advice? | What should Nigerian students know before acting on this advice?","Add a 40-60 word answer box near the top, followed by a concise checklist or table that can be cited by AI search systems.","Editorial author with Nigerian student lifestyle familiarity","Review every 6-12 months, sooner if user safety or product facts change.","Differentiate from /campus-dating by keeping this page focused on campus crush advice.","Follow the Editorial Handbook: educate first, avoid stereotypes, avoid fake claims, use calm student-focused language, and make the content useful without search traffic.","Add canonical self-reference, BreadcrumbList, appropriate Article/FAQ/tool schema, internal related-links block, optimized image metadata, and sitemap inclusion only when published."
"CAMP-007","22","Dating During Exams: How to Keep Balance","Dating During Exams: How to Keep Balance","/dating-during-exams","New page","dating during exams","dating during exam season, does dating affect studies, relationship and exams","What is dating during exams? | How should students approach dating during exams? | What should Nigerian students know before acting on this advice? | How can The College Date help with this safely?","Informational","Awareness","Medium","Low","6","8","4","5","64","First-year undergraduate","Campus and Student Dating","Student guide","900-1,500 words","What should I know about dating during exams as a student?","Dating During Exams: How to Keep Balance should answer the student’s main question first, then give practical Nigerian campus examples and safety-conscious next steps.","What dating during exams means for students | Why it matters on Nigerian campuses | Practical steps and examples | Mistakes to avoid | Safety and privacy notes | How The College Date fits naturally | FAQs","Include student-specific scenarios, Nigerian campus context where relevant, and practical examples that are not copied from generic dating advice pages.","Use examples from lectures, hostels, faculty events, resumption periods, Lagos hangouts, student budgets, campus transport, group chats, and Android-first mobile usage where natural.","Verify any factual claims about The College Date, Nigerian locations, school terms, app features, and public safety guidance.","Official app pages, Google Play listing, university resources, reputable Nigerian media, expert-reviewed relationship or safety resources.","/student-dating | /dating-app-for-university-students-nigeria | /safety | /download","/campus-dating | /student-dating | /university-dating-nigeria | /dating-as-a-fresher | /how-to-meet-people-on-campus","/campus-dating","Link to /safety when the page discusses meeting, privacy, scams, boundaries, consent, or messaging risk.","Create a student profile","Read campus safety tips","One contextual CTA after the first useful section and one gentle final CTA. Avoid interrupting safety or wellbeing advice.","Dating During Exams: How to Keep Balance visual with Nigerian student/campus context, app-neutral composition, and no fake testimonial elements.","Dating During Exams: How to Keep Balance guide for Nigerian students","Article, FAQPage, BreadcrumbList","What is dating during exams? | How should students approach dating during exams? | What should Nigerian students know before acting on this advice?","Add a 40-60 word answer box near the top, followed by a concise checklist or table that can be cited by AI search systems.","Editorial author with Nigerian student lifestyle familiarity","Review every 6-12 months, sooner if user safety or product facts change.","Differentiate from /campus-dating by keeping this page focused on dating during exams.","Follow the Editorial Handbook: educate first, avoid stereotypes, avoid fake claims, use calm student-focused language, and make the content useful without search traffic.","Add canonical self-reference, BreadcrumbList, appropriate Article/FAQ/tool schema, internal related-links block, optimized image metadata, and sitemap inclusion only when published."
"CAMP-008","23","Balancing School and Relationships","Balancing School and Relationships","/balancing-school-and-relationships","New page","balancing school and relationships","relationship and studies, student relationship balance, dating in school","What is balancing school and relationships? | How should students approach balancing school and relationships? | What should Nigerian students know before acting on this advice? | How can The College Date help with this safely?","Informational","Awareness","Medium","Medium","6","9","5","5","62","First-year undergraduate","Campus and Student Dating","Student guide","900-1,500 words","What should I know about balancing school and relationships as a student?","Balancing School and Relationships should answer the student’s main question first, then give practical Nigerian campus examples and safety-conscious next steps.","What balancing school and relationships means for students | Why it matters on Nigerian campuses | Practical steps and examples | Mistakes to avoid | Safety and privacy notes | How The College Date fits naturally | FAQs","Include student-specific scenarios, Nigerian campus context where relevant, and practical examples that are not copied from generic dating advice pages.","Use examples from lectures, hostels, faculty events, resumption periods, Lagos hangouts, student budgets, campus transport, group chats, and Android-first mobile usage where natural.","Verify any factual claims about The College Date, Nigerian locations, school terms, app features, and public safety guidance.","Official app pages, Google Play listing, university resources, reputable Nigerian media, expert-reviewed relationship or safety resources.","/student-dating | /dating-app-for-university-students-nigeria | /safety | /download","/campus-dating | /student-dating | /university-dating-nigeria | /dating-as-a-fresher | /how-to-meet-people-on-campus","/campus-dating","Link to /safety when the page discusses meeting, privacy, scams, boundaries, consent, or messaging risk.","Create a student profile","Read campus safety tips","One contextual CTA after the first useful section and one gentle final CTA. Avoid interrupting safety or wellbeing advice.","Balancing School and Relationships visual with Nigerian student/campus context, app-neutral composition, and no fake testimonial elements.","Balancing School and Relationships guide for Nigerian students","Article, FAQPage, BreadcrumbList","What is balancing school and relationships? | How should students approach balancing school and relationships? | What should Nigerian students know before acting on this advice?","Add a 40-60 word answer box near the top, followed by a concise checklist or table that can be cited by AI search systems.","Editorial author with Nigerian student lifestyle familiarity","Review every 6-12 months, sooner if user safety or product facts change.","Differentiate from /campus-dating by keeping this page focused on balancing school and relationships.","Follow the Editorial Handbook: educate first, avoid stereotypes, avoid fake claims, use calm student-focused language, and make the content useful without search traffic.","Add canonical self-reference, BreadcrumbList, appropriate Article/FAQ/tool schema, internal related-links block, optimized image metadata, and sitemap inclusion only when published."
"CAMP-009","24","Hostel Dating Boundaries for Students","Hostel Dating Boundaries for Students","/hostel-dating-boundaries","New page","hostel dating boundaries","hostel dating, student privacy, campus boundaries","What is hostel dating boundaries? | How should students approach hostel dating boundaries? | What should Nigerian students know before acting on this advice? | How can The College Date help with this safely?","Informational","Awareness","Low","Low","6","8","4","8","61","First-year undergraduate","Campus and Student Dating","Student guide","900-1,500 words","What should I know about hostel dating boundaries as a student?","Hostel Dating Boundaries for Students should answer the student’s main question first, then give practical Nigerian campus examples and safety-conscious next steps.","What hostel dating boundaries means for students | Why it matters on Nigerian campuses | Practical steps and examples | Mistakes to avoid | Safety and privacy notes | How The College Date fits naturally | FAQs","Include student-specific scenarios, Nigerian campus context where relevant, and practical examples that are not copied from generic dating advice pages.","Use examples from lectures, hostels, faculty events, resumption periods, Lagos hangouts, student budgets, campus transport, group chats, and Android-first mobile usage where natural.","Verify any factual claims about The College Date, Nigerian locations, school terms, app features, and public safety guidance.","Official app pages, Google Play listing, university resources, reputable Nigerian media, expert-reviewed relationship or safety resources.","/student-dating | /dating-app-for-university-students-nigeria | /safety | /download","/campus-dating | /student-dating | /university-dating-nigeria | /dating-as-a-fresher | /how-to-meet-people-on-campus","/campus-dating","Link to /safety when the page discusses meeting, privacy, scams, boundaries, consent, or messaging risk.","Create a student profile","Read campus safety tips","One contextual CTA after the first useful section and one gentle final CTA. Avoid interrupting safety or wellbeing advice.","Hostel Dating Boundaries for Students visual with Nigerian student/campus context, app-neutral composition, and no fake testimonial elements.","Hostel Dating Boundaries for Students guide for Nigerian students","Article, FAQPage, BreadcrumbList","What is hostel dating boundaries? | How should students approach hostel dating boundaries? | What should Nigerian students know before acting on this advice?","Add a 40-60 word answer box near the top, followed by a concise checklist or table that can be cited by AI search systems.","Editorial author with Nigerian student lifestyle familiarity","Review every 6-12 months, sooner if user safety or product facts change.","Differentiate from /campus-dating by keeping this page focused on hostel dating boundaries.","Follow the Editorial Handbook: educate first, avoid stereotypes, avoid fake claims, use calm student-focused language, and make the content useful without search traffic.","Add canonical self-reference, BreadcrumbList, appropriate Article/FAQ/tool schema, internal related-links block, optimized image metadata, and sitemap inclusion only when published."
"CAMP-010","25","Off-Campus Dating Safety for Students","Off-Campus Dating Safety for Students","/off-campus-dating-safety-students","New page","off-campus dating safety","student dating safety, first meeting safety, campus dating safety","What is off-campus dating safety? | How should students approach off-campus dating safety? | What should Nigerian students know before acting on this advice? | How can The College Date help with this safely?","Informational","Awareness","Medium","Low","7","8","5","10","72","First-year undergraduate","Campus and Student Dating","Student guide","900-1,500 words","What should I know about off-campus dating safety as a student?","Off-Campus Dating Safety for Students should answer the student’s main question first, then give practical Nigerian campus examples and safety-conscious next steps.","What off-campus dating safety means for students | Why it matters on Nigerian campuses | Practical steps and examples | Mistakes to avoid | Safety and privacy notes | How The College Date fits naturally | FAQs","Include student-specific scenarios, Nigerian campus context where relevant, and practical examples that are not copied from generic dating advice pages.","Use examples from lectures, hostels, faculty events, resumption periods, Lagos hangouts, student budgets, campus transport, group chats, and Android-first mobile usage where natural.","Verify any factual claims about The College Date, Nigerian locations, school terms, app features, and public safety guidance.","Official app pages, Google Play listing, university resources, reputable Nigerian media, expert-reviewed relationship or safety resources.","/student-dating | /dating-app-for-university-students-nigeria | /safety | /download","/campus-dating | /student-dating | /university-dating-nigeria | /dating-as-a-fresher | /how-to-meet-people-on-campus","/campus-dating","Link to /safety when the page discusses meeting, privacy, scams, boundaries, consent, or messaging risk.","Create a student profile","Read campus safety tips","One contextual CTA after the first useful section and one gentle final CTA. Avoid interrupting safety or wellbeing advice.","Off-Campus Dating Safety for Students visual with Nigerian student/campus context, app-neutral composition, and no fake testimonial elements.","Off-Campus Dating Safety for Students guide for Nigerian students","Article, FAQPage, BreadcrumbList","What is off-campus dating safety? | How should students approach off-campus dating safety? | What should Nigerian students know before acting on this advice?","Add a 40-60 word answer box near the top, followed by a concise checklist or table that can be cited by AI search systems.","Editorial author with Nigerian student lifestyle familiarity","Review every 6-12 months, sooner if user safety or product facts change.","Differentiate from /campus-dating by keeping this page focused on off-campus dating safety.","Follow the Editorial Handbook: educate first, avoid stereotypes, avoid fake claims, use calm student-focused language, and make the content useful without search traffic.","Add canonical self-reference, BreadcrumbList, appropriate Article/FAQ/tool schema, internal related-links block, optimized image metadata, and sitemap inclusion only when published."
"CAMP-011","26","Dating in Final Year: Time, Pressure, and Intentions","Dating in Final Year: Time, Pressure, and Intentions","/dating-in-final-year","New page","dating in final year","final year relationship, dating while graduating, serious student dating","What is dating in final year? | How should students approach dating in final year? | What should Nigerian students know before acting on this advice? | How can The College Date help with this safely?","Informational","Awareness","Low","Low","6","7","5","5","58","First-year undergraduate","Campus and Student Dating","Student guide","900-1,500 words","What should I know about dating in final year as a student?","Dating in Final Year: Time, Pressure, and Intentions should answer the student’s main question first, then give practical Nigerian campus examples and safety-conscious next steps.","What dating in final year means for students | Why it matters on Nigerian campuses | Practical steps and examples | Mistakes to avoid | Safety and privacy notes | How The College Date fits naturally | FAQs","Include student-specific scenarios, Nigerian campus context where relevant, and practical examples that are not copied from generic dating advice pages.","Use examples from lectures, hostels, faculty events, resumption periods, Lagos hangouts, student budgets, campus transport, group chats, and Android-first mobile usage where natural.","Verify any factual claims about The College Date, Nigerian locations, school terms, app features, and public safety guidance.","Official app pages, Google Play listing, university resources, reputable Nigerian media, expert-reviewed relationship or safety resources.","/student-dating | /dating-app-for-university-students-nigeria | /safety | /download","/campus-dating | /student-dating | /university-dating-nigeria | /dating-as-a-fresher | /how-to-meet-people-on-campus","/campus-dating","Link to /safety when the page discusses meeting, privacy, scams, boundaries, consent, or messaging risk.","Create a student profile","Read campus safety tips","One contextual CTA after the first useful section and one gentle final CTA. Avoid interrupting safety or wellbeing advice.","Dating in Final Year: Time, Pressure, and Intentions visual with Nigerian student/campus context, app-neutral composition, and no fake testimonial elements.","Dating in Final Year: Time, Pressure, and Intentions guide for Nigerian students","Article, FAQPage, BreadcrumbList","What is dating in final year? | How should students approach dating in final year? | What should Nigerian students know before acting on this advice?","Add a 40-60 word answer box near the top, followed by a concise checklist or table that can be cited by AI search systems.","Editorial author with Nigerian student lifestyle familiarity","Review every 6-12 months, sooner if user safety or product facts change.","Differentiate from /campus-dating by keeping this page focused on dating in final year.","Follow the Editorial Handbook: educate first, avoid stereotypes, avoid fake claims, use calm student-focused language, and make the content useful without search traffic.","Add canonical self-reference, BreadcrumbList, appropriate Article/FAQ/tool schema, internal related-links block, optimized image metadata, and sitemap inclusion only when published."
"CAMP-012","27","Postgraduate Student Dating Guide","Postgraduate Student Dating Guide","/postgraduate-student-dating","New page","postgraduate student dating","grad student dating app, dating as a postgraduate, mature student dating","What is postgraduate student dating? | How should students approach postgraduate student dating? | What should Nigerian students know before acting on this advice? | How can The College Date help with this safely?","Informational","Awareness","Medium","Medium","6","7","5","5","59","First-year undergraduate","Campus and Student Dating","Student guide","900-1,500 words","What should I know about postgraduate student dating as a student?","Postgraduate Student Dating Guide should answer the student’s main question first, then give practical Nigerian campus examples and safety-conscious next steps.","What postgraduate student dating means for students | Why it matters on Nigerian campuses | Practical steps and examples | Mistakes to avoid | Safety and privacy notes | How The College Date fits naturally | FAQs","Include student-specific scenarios, Nigerian campus context where relevant, and practical examples that are not copied from generic dating advice pages.","Use examples from lectures, hostels, faculty events, resumption periods, Lagos hangouts, student budgets, campus transport, group chats, and Android-first mobile usage where natural.","Verify any factual claims about The College Date, Nigerian locations, school terms, app features, and public safety guidance.","Official app pages, Google Play listing, university resources, reputable Nigerian media, expert-reviewed relationship or safety resources.","/student-dating | /dating-app-for-university-students-nigeria | /safety | /download","/campus-dating | /student-dating | /university-dating-nigeria | /dating-as-a-fresher | /how-to-meet-people-on-campus","/campus-dating","Link to /safety when the page discusses meeting, privacy, scams, boundaries, consent, or messaging risk.","Create a student profile","Read campus safety tips","One contextual CTA after the first useful section and one gentle final CTA. Avoid interrupting safety or wellbeing advice.","Postgraduate Student Dating Guide visual with Nigerian student/campus context, app-neutral composition, and no fake testimonial elements.","Postgraduate Student Dating Guide guide for Nigerian students","Article, FAQPage, BreadcrumbList","What is postgraduate student dating? | How should students approach postgraduate student dating? | What should Nigerian students know before acting on this advice?","Add a 40-60 word answer box near the top, followed by a concise checklist or table that can be cited by AI search systems.","Editorial author with Nigerian student lifestyle familiarity","Review every 6-12 months, sooner if user safety or product facts change.","Differentiate from /campus-dating by keeping this page focused on postgraduate student dating.","Follow the Editorial Handbook: educate first, avoid stereotypes, avoid fake claims, use calm student-focused language, and make the content useful without search traffic.","Add canonical self-reference, BreadcrumbList, appropriate Article/FAQ/tool schema, internal related-links block, optimized image metadata, and sitemap inclusion only when published."
"CAMP-013","28","Dating Guide for Shy Students","Dating Guide for Shy Students","/shy-student-dating-guide","New page","dating guide for shy students","shy dating advice, introvert dating students, how to start dating","What is dating guide for shy students? | How should students approach dating guide for shy students? | What should Nigerian students know before acting on this advice? | How can The College Date help with this safely?","Informational","Awareness","Medium","Medium","7","8","7","5","65","First-year undergraduate","Campus and Student Dating","Student guide","900-1,500 words","What should I know about dating guide for shy students as a student?","Dating Guide for Shy Students should answer the student’s main question first, then give practical Nigerian campus examples and safety-conscious next steps.","What dating guide for shy students means for students | Why it matters on Nigerian campuses | Practical steps and examples | Mistakes to avoid | Safety and privacy notes | How The College Date fits naturally | FAQs","Include student-specific scenarios, Nigerian campus context where relevant, and practical examples that are not copied from generic dating advice pages.","Use examples from lectures, hostels, faculty events, resumption periods, Lagos hangouts, student budgets, campus transport, group chats, and Android-first mobile usage where natural.","Verify any factual claims about The College Date, Nigerian locations, school terms, app features, and public safety guidance.","Official app pages, Google Play listing, university resources, reputable Nigerian media, expert-reviewed relationship or safety resources.","/student-dating | /dating-app-for-university-students-nigeria | /safety | /download","/campus-dating | /student-dating | /university-dating-nigeria | /dating-as-a-fresher | /how-to-meet-people-on-campus","/campus-dating","Link to /safety when the page discusses meeting, privacy, scams, boundaries, consent, or messaging risk.","Create a student profile","Read campus safety tips","One contextual CTA after the first useful section and one gentle final CTA. Avoid interrupting safety or wellbeing advice.","Dating Guide for Shy Students visual with Nigerian student/campus context, app-neutral composition, and no fake testimonial elements.","Dating Guide for Shy Students guide for Nigerian students","Article, FAQPage, BreadcrumbList","What is dating guide for shy students? | How should students approach dating guide for shy students? | What should Nigerian students know before acting on this advice?","Add a 40-60 word answer box near the top, followed by a concise checklist or table that can be cited by AI search systems.","Editorial author with Nigerian student lifestyle familiarity","Review every 6-12 months, sooner if user safety or product facts change.","Differentiate from /campus-dating by keeping this page focused on dating guide for shy students.","Follow the Editorial Handbook: educate first, avoid stereotypes, avoid fake claims, use calm student-focused language, and make the content useful without search traffic.","Add canonical self-reference, BreadcrumbList, appropriate Article/FAQ/tool schema, internal related-links block, optimized image metadata, and sitemap inclusion only when published."
"CAMP-014","29","Friendship Before Dating: A Student Guide","Friendship Before Dating: A Student Guide","/friendship-before-dating-students","New page","friendship before dating","friends before dating, student friendships, low pressure dating","What is friendship before dating? | How should students approach friendship before dating? | What should Nigerian students know before acting on this advice? | How can The College Date help with this safely?","Informational","Awareness","Medium","Medium","6","8","6","5","62","First-year undergraduate","Campus and Student Dating","Student guide","900-1,500 words","What should I know about friendship before dating as a student?","Friendship Before Dating: A Student Guide should answer the student’s main question first, then give practical Nigerian campus examples and safety-conscious next steps.","What friendship before dating means for students | Why it matters on Nigerian campuses | Practical steps and examples | Mistakes to avoid | Safety and privacy notes | How The College Date fits naturally | FAQs","Include student-specific scenarios, Nigerian campus context where relevant, and practical examples that are not copied from generic dating advice pages.","Use examples from lectures, hostels, faculty events, resumption periods, Lagos hangouts, student budgets, campus transport, group chats, and Android-first mobile usage where natural.","Verify any factual claims about The College Date, Nigerian locations, school terms, app features, and public safety guidance.","Official app pages, Google Play listing, university resources, reputable Nigerian media, expert-reviewed relationship or safety resources.","/student-dating | /dating-app-for-university-students-nigeria | /safety | /download","/campus-dating | /student-dating | /university-dating-nigeria | /dating-as-a-fresher | /how-to-meet-people-on-campus","/campus-dating","Link to /safety when the page discusses meeting, privacy, scams, boundaries, consent, or messaging risk.","Create a student profile","Read campus safety tips","One contextual CTA after the first useful section and one gentle final CTA. Avoid interrupting safety or wellbeing advice.","Friendship Before Dating: A Student Guide visual with Nigerian student/campus context, app-neutral composition, and no fake testimonial elements.","Friendship Before Dating: A Student Guide guide for Nigerian students","Article, FAQPage, BreadcrumbList","What is friendship before dating? | How should students approach friendship before dating? | What should Nigerian students know before acting on this advice?","Add a 40-60 word answer box near the top, followed by a concise checklist or table that can be cited by AI search systems.","Editorial author with Nigerian student lifestyle familiarity","Review every 6-12 months, sooner if user safety or product facts change.","Differentiate from /campus-dating by keeping this page focused on friendship before dating.","Follow the Editorial Handbook: educate first, avoid stereotypes, avoid fake claims, use calm student-focused language, and make the content useful without search traffic.","Add canonical self-reference, BreadcrumbList, appropriate Article/FAQ/tool schema, internal related-links block, optimized image metadata, and sitemap inclusion only when published."
"CAMP-015","30","Student Dating Etiquette on Campus","Student Dating Etiquette on Campus","/student-dating-etiquette","New page","student dating etiquette","dating etiquette, campus dating rules, respectful dating students","What is student dating etiquette? | How should students approach student dating etiquette? | What should Nigerian students know before acting on this advice? | How can The College Date help with this safely?","Informational","Awareness","Medium","Medium","7","9","6","8","68","First-year undergraduate","Campus and Student Dating","Student guide","900-1,500 words","What should I know about student dating etiquette as a student?","Student Dating Etiquette on Campus should answer the student’s main question first, then give practical Nigerian campus examples and safety-conscious next steps.","What student dating etiquette means for students | Why it matters on Nigerian campuses | Practical steps and examples | Mistakes to avoid | Safety and privacy notes | How The College Date fits naturally | FAQs","Include student-specific scenarios, Nigerian campus context where relevant, and practical examples that are not copied from generic dating advice pages.","Use examples from lectures, hostels, faculty events, resumption periods, Lagos hangouts, student budgets, campus transport, group chats, and Android-first mobile usage where natural.","Verify any factual claims about The College Date, Nigerian locations, school terms, app features, and public safety guidance.","Official app pages, Google Play listing, university resources, reputable Nigerian media, expert-reviewed relationship or safety resources.","/student-dating | /dating-app-for-university-students-nigeria | /safety | /download","/campus-dating | /student-dating | /university-dating-nigeria | /dating-as-a-fresher | /how-to-meet-people-on-campus","/campus-dating","Link to /safety when the page discusses meeting, privacy, scams, boundaries, consent, or messaging risk.","Create a student profile","Read campus safety tips","One contextual CTA after the first useful section and one gentle final CTA. Avoid interrupting safety or wellbeing advice.","Student Dating Etiquette on Campus visual with Nigerian student/campus context, app-neutral composition, and no fake testimonial elements.","Student Dating Etiquette on Campus guide for Nigerian students","Article, FAQPage, BreadcrumbList","What is student dating etiquette? | How should students approach student dating etiquette? | What should Nigerian students know before acting on this advice?","Add a 40-60 word answer box near the top, followed by a concise checklist or table that can be cited by AI search systems.","Editorial author with Nigerian student lifestyle familiarity","Review every 6-12 months, sooner if user safety or product facts change.","Differentiate from /campus-dating by keeping this page focused on student dating etiquette.","Follow the Editorial Handbook: educate first, avoid stereotypes, avoid fake claims, use calm student-focused language, and make the content useful without search traffic.","Add canonical self-reference, BreadcrumbList, appropriate Article/FAQ/tool schema, internal related-links block, optimized image metadata, and sitemap inclusion only when published."
"SAF-001","31","Safety on The College Date","Safety on The College Date","/safety","Existing page expansion","The College Date safety","dating app safety, student dating safety, reporting dating app","What is The College Date safety? | How should students approach The College Date safety? | What should Nigerian students know before acting on this advice? | How can The College Date help with this safely?","Informational","Retention or trust","Medium","Low","10","10","7","10","85","Someone new to online dating","Online Dating Safety","Safety resource","1,000-1,800 words","What should I know about The College Date safety as a student?","Safety on The College Date should give students a clear, calm way to understand risk, protect their privacy, and know when to block, report, or ask for help.","Short safety answer | Common risks to understand | Warning signs | What students should do | When to block, report, or seek help | Useful official resources | FAQs","Include student-specific scenarios, Nigerian campus context where relevant, and practical examples that are not copied from generic dating advice pages.","Use examples from lectures, hostels, faculty events, resumption periods, Lagos hangouts, student budgets, campus transport, group chats, and Android-first mobile usage where natural.","Verify safety claims against official or reputable sources; do not give legal, medical, or mental-health advice beyond general guidance.","Official safety agencies, consumer protection bodies, reputable NGOs, university safety offices, platform policy pages.","/safety | /campus-dating-safety | /privacy | /support | /child-safety-standards","/campus-dating-safety | /blog/how-to-date-safely-on-campus-nigeria | /romance-scams-nigeria-students | /online-dating-red-flags-students | /fake-dating-profiles","/safety","Mandatory: link to /safety, /support, and /privacy where relevant.","Read the safety guide","Contact support","One contextual CTA after the first useful section and one gentle final CTA. Avoid interrupting safety or wellbeing advice.","Safety on The College Date visual with Nigerian student/campus context, app-neutral composition, and no fake testimonial elements.","Safety on The College Date guide for Nigerian students","Article, FAQPage, BreadcrumbList","What is The College Date safety? | How should students approach The College Date safety? | What should Nigerian students know before acting on this advice?","Add a 40-60 word answer box near the top, followed by a concise checklist or table that can be cited by AI search systems.","Editorial author plus safety or student wellbeing reviewer","Review every 6-12 months, sooner if user safety or product facts change.","Refresh the existing URL; do not create a duplicate page for this intent.","Follow the Editorial Handbook: educate first, avoid stereotypes, avoid fake claims, use calm student-focused language, and make the content useful without search traffic.","Add canonical self-reference, BreadcrumbList, appropriate Article/FAQ/tool schema, internal related-links block, optimized image metadata, and sitemap inclusion only when published."
"SAF-002","32","Campus Dating Safety","Campus Dating Safety","/campus-dating-safety","Existing page expansion","campus dating safety","dating safely on campus, student dating safety, first date safety","What is campus dating safety? | How should students approach campus dating safety? | What should Nigerian students know before acting on this advice? | How can The College Date help with this safely?","Informational","Retention or trust","Medium","Low","8","10","6","10","80","Someone new to online dating","Online Dating Safety","Safety resource","1,000-1,800 words","What should I know about campus dating safety as a student?","Campus Dating Safety should give students a clear, calm way to understand risk, protect their privacy, and know when to block, report, or ask for help.","Short safety answer | Common risks to understand | Warning signs | What students should do | When to block, report, or seek help | Useful official resources | FAQs","Include student-specific scenarios, Nigerian campus context where relevant, and practical examples that are not copied from generic dating advice pages.","Use examples from lectures, hostels, faculty events, resumption periods, Lagos hangouts, student budgets, campus transport, group chats, and Android-first mobile usage where natural.","Verify safety claims against official or reputable sources; do not give legal, medical, or mental-health advice beyond general guidance.","Official safety agencies, consumer protection bodies, reputable NGOs, university safety offices, platform policy pages.","/safety | /campus-dating-safety | /privacy | /support | /child-safety-standards","/safety | /blog/how-to-date-safely-on-campus-nigeria | /romance-scams-nigeria-students | /online-dating-red-flags-students | /fake-dating-profiles","/safety","Mandatory: link to /safety, /support, and /privacy where relevant.","Read the safety guide","Contact support","One contextual CTA after the first useful section and one gentle final CTA. Avoid interrupting safety or wellbeing advice.","Campus Dating Safety visual with Nigerian student/campus context, app-neutral composition, and no fake testimonial elements.","Campus Dating Safety guide for Nigerian students","Article, FAQPage, BreadcrumbList","What is campus dating safety? | How should students approach campus dating safety? | What should Nigerian students know before acting on this advice?","Add a 40-60 word answer box near the top, followed by a concise checklist or table that can be cited by AI search systems.","Editorial author plus safety or student wellbeing reviewer","Review every 6-12 months, sooner if user safety or product facts change.","Refresh the existing URL; do not create a duplicate page for this intent.","Follow the Editorial Handbook: educate first, avoid stereotypes, avoid fake claims, use calm student-focused language, and make the content useful without search traffic.","Add canonical self-reference, BreadcrumbList, appropriate Article/FAQ/tool schema, internal related-links block, optimized image metadata, and sitemap inclusion only when published."
"SAF-003","33","How to Date Safely on Campus in Nigeria","How to Date Safely on Campus in Nigeria","/blog/how-to-date-safely-on-campus-nigeria","Existing page refresh","how to date safely on campus Nigeria","campus dating safety Nigeria, student safety dating apps, safe first meeting","What is how to date safely on campus Nigeria? | How should students approach how to date safely on campus Nigeria? | What should Nigerian students know before acting on this advice? | How can The College Date help with this safely?","Informational","Retention or trust","Medium","Low","8","10","6","10","80","Someone new to online dating","Online Dating Safety","Safety resource","1,000-1,800 words","What should I know about how to date safely on campus Nigeria as a student?","How to Date Safely on Campus in Nigeria should give students a clear, calm way to understand risk, protect their privacy, and know when to block, report, or ask for help.","Short safety answer | Common risks to understand | Warning signs | What students should do | When to block, report, or seek help | Useful official resources | FAQs","Include student-specific scenarios, Nigerian campus context where relevant, and practical examples that are not copied from generic dating advice pages.","Use examples from lectures, hostels, faculty events, resumption periods, Lagos hangouts, student budgets, campus transport, group chats, and Android-first mobile usage where natural.","Verify safety claims against official or reputable sources; do not give legal, medical, or mental-health advice beyond general guidance.","Official safety agencies, consumer protection bodies, reputable NGOs, university safety offices, platform policy pages.","/safety | /campus-dating-safety | /privacy | /support | /child-safety-standards","/safety | /campus-dating-safety | /romance-scams-nigeria-students | /online-dating-red-flags-students | /fake-dating-profiles","/safety","Mandatory: link to /safety, /support, and /privacy where relevant.","Read the safety guide","Contact support","One contextual CTA after the first useful section and one gentle final CTA. Avoid interrupting safety or wellbeing advice.","How to Date Safely on Campus in Nigeria visual with Nigerian student/campus context, app-neutral composition, and no fake testimonial elements.","How to Date Safely on Campus in Nigeria guide for Nigerian students","Article, FAQPage, BreadcrumbList","What is how to date safely on campus Nigeria? | How should students approach how to date safely on campus Nigeria? | What should Nigerian students know before acting on this advice?","Add a 40-60 word answer box near the top, followed by a concise checklist or table that can be cited by AI search systems.","Editorial author plus safety or student wellbeing reviewer","Review every 6-12 months, sooner if user safety or product facts change.","Refresh the existing URL; do not create a duplicate page for this intent.","Follow the Editorial Handbook: educate first, avoid stereotypes, avoid fake claims, use calm student-focused language, and make the content useful without search traffic.","Add canonical self-reference, BreadcrumbList, appropriate Article/FAQ/tool schema, internal related-links block, optimized image metadata, and sitemap inclusion only when published."
"SAF-004","34","Romance Scams in Nigeria: Student Safety Guide","Romance Scams in Nigeria: Student Safety Guide","/romance-scams-nigeria-students","New page","romance scams Nigeria","Nigerian romance scams, online dating scams, dating app scam signs","What is romance scams Nigeria? | How should students approach romance scams Nigeria? | What should Nigerian students know before acting on this advice? | How can The College Date help with this safely?","Informational","Retention or trust","High","High","8","10","5","10","72","Someone new to online dating","Online Dating Safety","Safety resource","1,000-1,800 words","What should I know about romance scams Nigeria as a student?","Romance Scams in Nigeria: Student Safety Guide should give students a clear, calm way to understand risk, protect their privacy, and know when to block, report, or ask for help.","Short safety answer | Common risks to understand | Warning signs | What students should do | When to block, report, or seek help | Useful official resources | FAQs","Include student-specific scenarios, Nigerian campus context where relevant, and practical examples that are not copied from generic dating advice pages.","Use examples from lectures, hostels, faculty events, resumption periods, Lagos hangouts, student budgets, campus transport, group chats, and Android-first mobile usage where natural.","Verify safety claims against official or reputable sources; do not give legal, medical, or mental-health advice beyond general guidance.","Official safety agencies, consumer protection bodies, reputable NGOs, university safety offices, platform policy pages.","/safety | /campus-dating-safety | /privacy | /support | /child-safety-standards","/safety | /campus-dating-safety | /blog/how-to-date-safely-on-campus-nigeria | /online-dating-red-flags-students | /fake-dating-profiles","/safety","Mandatory: link to /safety, /support, and /privacy where relevant.","Read the safety guide","Contact support","One contextual CTA after the first useful section and one gentle final CTA. Avoid interrupting safety or wellbeing advice.","Romance Scams in Nigeria: Student Safety Guide visual with Nigerian student/campus context, app-neutral composition, and no fake testimonial elements.","Romance Scams in Nigeria: Student Safety Guide guide for Nigerian students","Article, FAQPage, BreadcrumbList","What is romance scams Nigeria? | How should students approach romance scams Nigeria? | What should Nigerian students know before acting on this advice?","Add a 40-60 word answer box near the top, followed by a concise checklist or table that can be cited by AI search systems.","Editorial author plus safety or student wellbeing reviewer","Review every 6-12 months, sooner if user safety or product facts change.","Differentiate from /safety by keeping this page focused on romance scams Nigeria.","Follow the Editorial Handbook: educate first, avoid stereotypes, avoid fake claims, use calm student-focused language, and make the content useful without search traffic.","Add canonical self-reference, BreadcrumbList, appropriate Article/FAQ/tool schema, internal related-links block, optimized image metadata, and sitemap inclusion only when published."
"SAF-005","35","Online Dating Red Flags for Students","Online Dating Red Flags for Students","/online-dating-red-flags-students","New page","online dating red flags","dating red flags texting, online relationship red flags, student dating red flags","What is online dating red flags? | How should students approach online dating red flags? | What should Nigerian students know before acting on this advice? | How can The College Date help with this safely?","Informational","Retention or trust","High","High","8","10","6","10","73","Someone new to online dating","Online Dating Safety","Safety resource","1,000-1,800 words","What should I know about online dating red flags as a student?","Online Dating Red Flags for Students should give students a clear, calm way to understand risk, protect their privacy, and know when to block, report, or ask for help.","Short safety answer | Common risks to understand | Warning signs | What students should do | When to block, report, or seek help | Useful official resources | FAQs","Include student-specific scenarios, Nigerian campus context where relevant, and practical examples that are not copied from generic dating advice pages.","Use examples from lectures, hostels, faculty events, resumption periods, Lagos hangouts, student budgets, campus transport, group chats, and Android-first mobile usage where natural.","Verify safety claims against official or reputable sources; do not give legal, medical, or mental-health advice beyond general guidance.","Official safety agencies, consumer protection bodies, reputable NGOs, university safety offices, platform policy pages.","/safety | /campus-dating-safety | /privacy | /support | /child-safety-standards","/safety | /campus-dating-safety | /blog/how-to-date-safely-on-campus-nigeria | /romance-scams-nigeria-students | /fake-dating-profiles","/safety","Mandatory: link to /safety, /support, and /privacy where relevant.","Read the safety guide","Contact support","One contextual CTA after the first useful section and one gentle final CTA. Avoid interrupting safety or wellbeing advice.","Online Dating Red Flags for Students visual with Nigerian student/campus context, app-neutral composition, and no fake testimonial elements.","Online Dating Red Flags for Students guide for Nigerian students","Article, FAQPage, BreadcrumbList","What is online dating red flags? | How should students approach online dating red flags? | What should Nigerian students know before acting on this advice?","Add a 40-60 word answer box near the top, followed by a concise checklist or table that can be cited by AI search systems.","Editorial author plus safety or student wellbeing reviewer","Review every 6-12 months, sooner if user safety or product facts change.","Differentiate from /safety by keeping this page focused on online dating red flags.","Follow the Editorial Handbook: educate first, avoid stereotypes, avoid fake claims, use calm student-focused language, and make the content useful without search traffic.","Add canonical self-reference, BreadcrumbList, appropriate Article/FAQ/tool schema, internal related-links block, optimized image metadata, and sitemap inclusion only when published."
"SAF-006","36","How to Spot Fake Dating Profiles","How to Spot Fake Dating Profiles","/fake-dating-profiles","New page","fake dating profiles","fake dating profile pictures, fake dating profile checker, catfish dating profile","What is fake dating profiles? | How should students approach fake dating profiles? | What should Nigerian students know before acting on this advice? | How can The College Date help with this safely?","Informational","Retention or trust","High","High","7","9","5","10","69","Someone new to online dating","Online Dating Safety","Safety resource","1,000-1,800 words","What should I know about fake dating profiles as a student?","How to Spot Fake Dating Profiles should give students a clear, calm way to understand risk, protect their privacy, and know when to block, report, or ask for help.","Short safety answer | Common risks to understand | Warning signs | What students should do | When to block, report, or seek help | Useful official resources | FAQs","Include student-specific scenarios, Nigerian campus context where relevant, and practical examples that are not copied from generic dating advice pages.","Use examples from lectures, hostels, faculty events, resumption periods, Lagos hangouts, student budgets, campus transport, group chats, and Android-first mobile usage where natural.","Verify safety claims against official or reputable sources; do not give legal, medical, or mental-health advice beyond general guidance.","Official safety agencies, consumer protection bodies, reputable NGOs, university safety offices, platform policy pages.","/safety | /campus-dating-safety | /privacy | /support | /child-safety-standards","/safety | /campus-dating-safety | /blog/how-to-date-safely-on-campus-nigeria | /romance-scams-nigeria-students | /online-dating-red-flags-students","/safety","Mandatory: link to /safety, /support, and /privacy where relevant.","Read the safety guide","Contact support","One contextual CTA after the first useful section and one gentle final CTA. Avoid interrupting safety or wellbeing advice.","How to Spot Fake Dating Profiles visual with Nigerian student/campus context, app-neutral composition, and no fake testimonial elements.","How to Spot Fake Dating Profiles guide for Nigerian students","Article, FAQPage, BreadcrumbList","What is fake dating profiles? | How should students approach fake dating profiles? | What should Nigerian students know before acting on this advice?","Add a 40-60 word answer box near the top, followed by a concise checklist or table that can be cited by AI search systems.","Editorial author plus safety or student wellbeing reviewer","Review every 6-12 months, sooner if user safety or product facts change.","Differentiate from /safety by keeping this page focused on fake dating profiles.","Follow the Editorial Handbook: educate first, avoid stereotypes, avoid fake claims, use calm student-focused language, and make the content useful without search traffic.","Add canonical self-reference, BreadcrumbList, appropriate Article/FAQ/tool schema, internal related-links block, optimized image metadata, and sitemap inclusion only when published."
"SAF-007","37","Dating App Privacy Tips for Students","Dating App Privacy Tips for Students","/dating-app-privacy-students","New page","dating app privacy","dating app privacy concerns, dating app security, student privacy online","What is dating app privacy? | How should students approach dating app privacy? | What should Nigerian students know before acting on this advice? | How can The College Date help with this safely?","Informational","Retention or trust","Medium","Medium","7","9","5","10","69","Someone new to online dating","Online Dating Safety","Safety resource","1,000-1,800 words","What should I know about dating app privacy as a student?","Dating App Privacy Tips for Students should give students a clear, calm way to understand risk, protect their privacy, and know when to block, report, or ask for help.","Short safety answer | Common risks to understand | Warning signs | What students should do | When to block, report, or seek help | Useful official resources | FAQs","Include student-specific scenarios, Nigerian campus context where relevant, and practical examples that are not copied from generic dating advice pages.","Use examples from lectures, hostels, faculty events, resumption periods, Lagos hangouts, student budgets, campus transport, group chats, and Android-first mobile usage where natural.","Verify safety claims against official or reputable sources; do not give legal, medical, or mental-health advice beyond general guidance.","Official safety agencies, consumer protection bodies, reputable NGOs, university safety offices, platform policy pages.","/safety | /campus-dating-safety | /privacy | /support | /child-safety-standards","/safety | /campus-dating-safety | /blog/how-to-date-safely-on-campus-nigeria | /romance-scams-nigeria-students | /online-dating-red-flags-students","/safety","Mandatory: link to /safety, /support, and /privacy where relevant.","Read the safety guide","Contact support","One contextual CTA after the first useful section and one gentle final CTA. Avoid interrupting safety or wellbeing advice.","Dating App Privacy Tips for Students visual with Nigerian student/campus context, app-neutral composition, and no fake testimonial elements.","Dating App Privacy Tips for Students guide for Nigerian students","Article, FAQPage, BreadcrumbList","What is dating app privacy? | How should students approach dating app privacy? | What should Nigerian students know before acting on this advice?","Add a 40-60 word answer box near the top, followed by a concise checklist or table that can be cited by AI search systems.","Editorial author plus safety or student wellbeing reviewer","Review every 6-12 months, sooner if user safety or product facts change.","Differentiate from /safety by keeping this page focused on dating app privacy.","Follow the Editorial Handbook: educate first, avoid stereotypes, avoid fake claims, use calm student-focused language, and make the content useful without search traffic.","Add canonical self-reference, BreadcrumbList, appropriate Article/FAQ/tool schema, internal related-links block, optimized image metadata, and sitemap inclusion only when published."
"SAF-008","38","First Meeting Safety After Matching Online","First Meeting Safety After Matching Online","/first-meeting-safety-dating-app","New page","first meeting safety dating app","online date safety, meet in public, dating app first date safety","What is first meeting safety dating app? | How should students approach first meeting safety dating app? | What should Nigerian students know before acting on this advice? | How can The College Date help with this safely?","Informational","Retention or trust","Medium","Medium","8","9","5","10","71","Someone new to online dating","Online Dating Safety","Safety resource","1,000-1,800 words","What should I know about first meeting safety dating app as a student?","First Meeting Safety After Matching Online should give students a clear, calm way to understand risk, protect their privacy, and know when to block, report, or ask for help.","Short safety answer | Common risks to understand | Warning signs | What students should do | When to block, report, or seek help | Useful official resources | FAQs","Include student-specific scenarios, Nigerian campus context where relevant, and practical examples that are not copied from generic dating advice pages.","Use examples from lectures, hostels, faculty events, resumption periods, Lagos hangouts, student budgets, campus transport, group chats, and Android-first mobile usage where natural.","Verify safety claims against official or reputable sources; do not give legal, medical, or mental-health advice beyond general guidance.","Official safety agencies, consumer protection bodies, reputable NGOs, university safety offices, platform policy pages.","/safety | /campus-dating-safety | /privacy | /support | /child-safety-standards","/safety | /campus-dating-safety | /blog/how-to-date-safely-on-campus-nigeria | /romance-scams-nigeria-students | /online-dating-red-flags-students","/safety","Mandatory: link to /safety, /support, and /privacy where relevant.","Read the safety guide","Contact support","One contextual CTA after the first useful section and one gentle final CTA. Avoid interrupting safety or wellbeing advice.","First Meeting Safety After Matching Online visual with Nigerian student/campus context, app-neutral composition, and no fake testimonial elements.","First Meeting Safety After Matching Online guide for Nigerian students","Article, FAQPage, BreadcrumbList","What is first meeting safety dating app? | How should students approach first meeting safety dating app? | What should Nigerian students know before acting on this advice?","Add a 40-60 word answer box near the top, followed by a concise checklist or table that can be cited by AI search systems.","Editorial author plus safety or student wellbeing reviewer","Review every 6-12 months, sooner if user safety or product facts change.","Differentiate from /safety by keeping this page focused on first meeting safety dating app.","Follow the Editorial Handbook: educate first, avoid stereotypes, avoid fake claims, use calm student-focused language, and make the content useful without search traffic.","Add canonical self-reference, BreadcrumbList, appropriate Article/FAQ/tool schema, internal related-links block, optimized image metadata, and sitemap inclusion only when published."
"SAF-009","39","Consent in Student Relationships","Consent in Student Relationships","/consent-in-student-relationships","New page","consent in relationships","dating consent, student relationship boundaries, respectful dating","What is consent in relationships? | How should students approach consent in relationships? | What should Nigerian students know before acting on this advice? | How can The College Date help with this safely?","Informational","Retention or trust","Medium","Medium","7","10","3","10","69","Someone new to online dating","Online Dating Safety","Safety resource","1,000-1,800 words","What should I know about consent in relationships as a student?","Consent in Student Relationships should give students a clear, calm way to understand risk, protect their privacy, and know when to block, report, or ask for help.","Short safety answer | Common risks to understand | Warning signs | What students should do | When to block, report, or seek help | Useful official resources | FAQs","Include student-specific scenarios, Nigerian campus context where relevant, and practical examples that are not copied from generic dating advice pages.","Use examples from lectures, hostels, faculty events, resumption periods, Lagos hangouts, student budgets, campus transport, group chats, and Android-first mobile usage where natural.","Verify safety claims against official or reputable sources; do not give legal, medical, or mental-health advice beyond general guidance.","Official safety agencies, consumer protection bodies, reputable NGOs, university safety offices, platform policy pages.","/safety | /campus-dating-safety | /privacy | /support | /child-safety-standards","/safety | /campus-dating-safety | /blog/how-to-date-safely-on-campus-nigeria | /romance-scams-nigeria-students | /online-dating-red-flags-students","/safety","Mandatory: link to /safety, /support, and /privacy where relevant.","Read the safety guide","Contact support","One contextual CTA after the first useful section and one gentle final CTA. Avoid interrupting safety or wellbeing advice.","Consent in Student Relationships visual with Nigerian student/campus context, app-neutral composition, and no fake testimonial elements.","Consent in Student Relationships guide for Nigerian students","Article, FAQPage, BreadcrumbList","What is consent in relationships? | How should students approach consent in relationships? | What should Nigerian students know before acting on this advice?","Add a 40-60 word answer box near the top, followed by a concise checklist or table that can be cited by AI search systems.","Editorial author plus safety or student wellbeing reviewer","Review every 6-12 months, sooner if user safety or product facts change.","Differentiate from /safety by keeping this page focused on consent in relationships.","Follow the Editorial Handbook: educate first, avoid stereotypes, avoid fake claims, use calm student-focused language, and make the content useful without search traffic.","Add canonical self-reference, BreadcrumbList, appropriate Article/FAQ/tool schema, internal related-links block, optimized image metadata, and sitemap inclusion only when published."
"SAF-010","40","Digital Harassment in Dating: What Students Should Know","Digital Harassment in Dating: What Students Should Know","/digital-harassment-dating","New page","digital harassment dating","digital dating abuse, online dating harassment, dating app harassment","What is digital harassment dating? | How should students approach digital harassment dating? | What should Nigerian students know before acting on this advice? | How can The College Date help with this safely?","Informational","Retention or trust","Medium","Medium","7","9","3","10","67","Someone new to online dating","Online Dating Safety","Safety resource","1,000-1,800 words","What should I know about digital harassment dating as a student?","Digital Harassment in Dating: What Students Should Know should give students a clear, calm way to understand risk, protect their privacy, and know when to block, report, or ask for help.","Short safety answer | Common risks to understand | Warning signs | What students should do | When to block, report, or seek help | Useful official resources | FAQs","Include student-specific scenarios, Nigerian campus context where relevant, and practical examples that are not copied from generic dating advice pages.","Use examples from lectures, hostels, faculty events, resumption periods, Lagos hangouts, student budgets, campus transport, group chats, and Android-first mobile usage where natural.","Verify safety claims against official or reputable sources; do not give legal, medical, or mental-health advice beyond general guidance.","Official safety agencies, consumer protection bodies, reputable NGOs, university safety offices, platform policy pages.","/safety | /campus-dating-safety | /privacy | /support | /child-safety-standards","/safety | /campus-dating-safety | /blog/how-to-date-safely-on-campus-nigeria | /romance-scams-nigeria-students | /online-dating-red-flags-students","/safety","Mandatory: link to /safety, /support, and /privacy where relevant.","Read the safety guide","Contact support","One contextual CTA after the first useful section and one gentle final CTA. Avoid interrupting safety or wellbeing advice.","Digital Harassment in Dating: What Students Should Know visual with Nigerian student/campus context, app-neutral composition, and no fake testimonial elements.","Digital Harassment in Dating: What Students Should Know guide for Nigerian students","Article, FAQPage, BreadcrumbList","What is digital harassment dating? | How should students approach digital harassment dating? | What should Nigerian students know before acting on this advice?","Add a 40-60 word answer box near the top, followed by a concise checklist or table that can be cited by AI search systems.","Editorial author plus safety or student wellbeing reviewer","Review every 6-12 months, sooner if user safety or product facts change.","Differentiate from /safety by keeping this page focused on digital harassment dating.","Follow the Editorial Handbook: educate first, avoid stereotypes, avoid fake claims, use calm student-focused language, and make the content useful without search traffic.","Add canonical self-reference, BreadcrumbList, appropriate Article/FAQ/tool schema, internal related-links block, optimized image metadata, and sitemap inclusion only when published."
"SAF-011","41","What Not to Share on Dating Apps","What Not to Share on Dating Apps","/what-not-to-share-on-dating-apps","New page","what not to share on dating apps","dating app privacy, personal information dating apps, online dating safety tips","What is what not to share on dating apps? | How should students approach what not to share on dating apps? | What should Nigerian students know before acting on this advice? | How can The College Date help with this safely?","Informational","Retention or trust","Medium","Medium","7","9","5","10","69","Someone new to online dating","Online Dating Safety","Safety resource","1,000-1,800 words","What should I know about what not to share on dating apps as a student?","What Not to Share on Dating Apps should give students a clear, calm way to understand risk, protect their privacy, and know when to block, report, or ask for help.","Short safety answer | Common risks to understand | Warning signs | What students should do | When to block, report, or seek help | Useful official resources | FAQs","Include student-specific scenarios, Nigerian campus context where relevant, and practical examples that are not copied from generic dating advice pages.","Use examples from lectures, hostels, faculty events, resumption periods, Lagos hangouts, student budgets, campus transport, group chats, and Android-first mobile usage where natural.","Verify safety claims against official or reputable sources; do not give legal, medical, or mental-health advice beyond general guidance.","Official safety agencies, consumer protection bodies, reputable NGOs, university safety offices, platform policy pages.","/safety | /campus-dating-safety | /privacy | /support | /child-safety-standards","/safety | /campus-dating-safety | /blog/how-to-date-safely-on-campus-nigeria | /romance-scams-nigeria-students | /online-dating-red-flags-students","/safety","Mandatory: link to /safety, /support, and /privacy where relevant.","Read the safety guide","Contact support","One contextual CTA after the first useful section and one gentle final CTA. Avoid interrupting safety or wellbeing advice.","What Not to Share on Dating Apps visual with Nigerian student/campus context, app-neutral composition, and no fake testimonial elements.","What Not to Share on Dating Apps guide for Nigerian students","Article, FAQPage, BreadcrumbList","What is what not to share on dating apps? | How should students approach what not to share on dating apps? | What should Nigerian students know before acting on this advice?","Add a 40-60 word answer box near the top, followed by a concise checklist or table that can be cited by AI search systems.","Editorial author plus safety or student wellbeing reviewer","Review every 6-12 months, sooner if user safety or product facts change.","Differentiate from /safety by keeping this page focused on what not to share on dating apps.","Follow the Editorial Handbook: educate first, avoid stereotypes, avoid fake claims, use calm student-focused language, and make the content useful without search traffic.","Add canonical self-reference, BreadcrumbList, appropriate Article/FAQ/tool schema, internal related-links block, optimized image metadata, and sitemap inclusion only when published."
"SAF-012","42","How to Report Suspicious Behaviour on Dating Apps","How to Report Suspicious Behaviour on Dating Apps","/how-to-report-suspicious-behaviour-dating-app","New page","report suspicious behaviour dating app","block and report dating app, dating app safety report, suspicious profile","What is report suspicious behaviour dating app? | How should students approach report suspicious behaviour dating app? | What should Nigerian students know before acting on this advice? | How can The College Date help with this safely?","Informational","Retention or trust","Low","Low","7","8","4","10","65","Someone new to online dating","Online Dating Safety","Safety resource","1,000-1,800 words","What should I know about report suspicious behaviour dating app as a student?","How to Report Suspicious Behaviour on Dating Apps should give students a clear, calm way to understand risk, protect their privacy, and know when to block, report, or ask for help.","Short safety answer | Common risks to understand | Warning signs | What students should do | When to block, report, or seek help | Useful official resources | FAQs","Include student-specific scenarios, Nigerian campus context where relevant, and practical examples that are not copied from generic dating advice pages.","Use examples from lectures, hostels, faculty events, resumption periods, Lagos hangouts, student budgets, campus transport, group chats, and Android-first mobile usage where natural.","Verify safety claims against official or reputable sources; do not give legal, medical, or mental-health advice beyond general guidance.","Official safety agencies, consumer protection bodies, reputable NGOs, university safety offices, platform policy pages.","/safety | /campus-dating-safety | /privacy | /support | /child-safety-standards","/safety | /campus-dating-safety | /blog/how-to-date-safely-on-campus-nigeria | /romance-scams-nigeria-students | /online-dating-red-flags-students","/safety","Mandatory: link to /safety, /support, and /privacy where relevant.","Read the safety guide","Contact support","One contextual CTA after the first useful section and one gentle final CTA. Avoid interrupting safety or wellbeing advice.","How to Report Suspicious Behaviour on Dating Apps visual with Nigerian student/campus context, app-neutral composition, and no fake testimonial elements.","How to Report Suspicious Behaviour on Dating Apps guide for Nigerian students","Article, FAQPage, BreadcrumbList","What is report suspicious behaviour dating app? | How should students approach report suspicious behaviour dating app? | What should Nigerian students know before acting on this advice?","Add a 40-60 word answer box near the top, followed by a concise checklist or table that can be cited by AI search systems.","Editorial author plus safety or student wellbeing reviewer","Review every 6-12 months, sooner if user safety or product facts change.","Differentiate from /safety by keeping this page focused on report suspicious behaviour dating app.","Follow the Editorial Handbook: educate first, avoid stereotypes, avoid fake claims, use calm student-focused language, and make the content useful without search traffic.","Add canonical self-reference, BreadcrumbList, appropriate Article/FAQ/tool schema, internal related-links block, optimized image metadata, and sitemap inclusion only when published."
"PRO-001","43","Dating Bio Examples for Students","Dating Bio Examples for Students","/dating-bio-examples-students","New page","dating bio examples students","dating profile bio examples, student dating bio, bio examples for dating apps","What is dating bio examples students? | How should students approach dating bio examples students? | What should Nigerian students know before acting on this advice? | How can The College Date help with this safely?","Informational","Consideration","High","Medium","9","10","9","5","78","Shy student","Dating Profiles and Matching","How-to guide or tool landing page","900-1,500 words","What should I know about dating bio examples students as a student?","Dating Bio Examples for Students should answer the student’s main question first, then give practical Nigerian campus examples and safety-conscious next steps.","What dating bio examples students means for students | Why it matters on Nigerian campuses | Practical steps and examples | Mistakes to avoid | Safety and privacy notes | How The College Date fits naturally | FAQs","Include student-specific scenarios, Nigerian campus context where relevant, and practical examples that are not copied from generic dating advice pages.","Use examples from lectures, hostels, faculty events, resumption periods, Lagos hangouts, student budgets, campus transport, group chats, and Android-first mobile usage where natural.","Verify any factual claims about The College Date, Nigerian locations, school terms, app features, and public safety guidance.","Official app pages, Google Play listing, university resources, reputable Nigerian media, expert-reviewed relationship or safety resources.","/dating-app-for-students | /download | /safety | /faq","/dating-bio-generator | /dating-profile-picture-tips-students | /profile-photo-checklist | /dating-profile-mistakes-students | /how-to-get-more-matches-dating-app","/dating-profile-guide-students","Link to /safety when the page discusses meeting, privacy, scams, boundaries, consent, or messaging risk.","Create your profile","Read profile safety tips","One contextual CTA after the first useful section and one gentle final CTA. Avoid interrupting safety or wellbeing advice.","Dating Bio Examples for Students visual with Nigerian student/campus context, app-neutral composition, and no fake testimonial elements.","Dating Bio Examples for Students guide for Nigerian students","Article, FAQPage, BreadcrumbList","What is dating bio examples students? | How should students approach dating bio examples students? | What should Nigerian students know before acting on this advice?","Add a 40-60 word answer box near the top, followed by a concise checklist or table that can be cited by AI search systems.","Editorial author with Nigerian student lifestyle familiarity","Review every 6-12 months, sooner if user safety or product facts change.","Differentiate from /dating-profile-guide-students by keeping this page focused on dating bio examples students.","Follow the Editorial Handbook: educate first, avoid stereotypes, avoid fake claims, use calm student-focused language, and make the content useful without search traffic.","Add canonical self-reference, BreadcrumbList, appropriate Article/FAQ/tool schema, internal related-links block, optimized image metadata, and sitemap inclusion only when published."
"PRO-002","44","Dating Bio Generator for Students","Dating Bio Generator for Students","/dating-bio-generator","New page","dating bio generator","dating profile bio generator, dating prompt generator, bio ideas dating app","What is dating bio generator? | How should students approach dating bio generator? | What should Nigerian students know before acting on this advice? | How can The College Date help with this safely?","Mixed","Consideration","High","Medium","10","10","10","4","80","Shy student","Dating Profiles and Matching","How-to guide or tool landing page","600-1,000 words plus interactive tool","What should I know about dating bio generator as a student?","Dating Bio Generator for Students should explain the tool quickly, show who it helps, and guide students toward a useful result before any product CTA.","What this tool does | Who should use it | How to use it | Privacy and safety notes | Recommended next steps | Related guides | FAQs","Include student-specific scenarios, Nigerian campus context where relevant, and practical examples that are not copied from generic dating advice pages.","Use examples from lectures, hostels, faculty events, resumption periods, Lagos hangouts, student budgets, campus transport, group chats, and Android-first mobile usage where natural.","Verify any factual claims about The College Date, Nigerian locations, school terms, app features, and public safety guidance.","Official app pages, Google Play listing, university resources, reputable Nigerian media, expert-reviewed relationship or safety resources.","/dating-app-for-students | /download | /safety | /faq","/dating-bio-examples-students | /dating-profile-picture-tips-students | /profile-photo-checklist | /dating-profile-mistakes-students | /how-to-get-more-matches-dating-app","/dating-profile-guide-students","Link to /safety when the page discusses meeting, privacy, scams, boundaries, consent, or messaging risk.","Create your profile","Read profile safety tips","One contextual CTA after the first useful section and one gentle final CTA. Avoid interrupting safety or wellbeing advice.","Dating Bio Generator for Students visual with Nigerian student/campus context, app-neutral composition, and no fake testimonial elements.","Dating Bio Generator for Students guide for Nigerian students","SoftwareApplication, WebPage, FAQPage, BreadcrumbList","What is dating bio generator? | How should students approach dating bio generator? | What should Nigerian students know before acting on this advice?","Add a 40-60 word answer box near the top, followed by a concise checklist or table that can be cited by AI search systems.","Editorial author with Nigerian student lifestyle familiarity","Review every 6-12 months, sooner if user safety or product facts change.","Differentiate from /dating-profile-guide-students by keeping this page focused on dating bio generator.","Follow the Editorial Handbook: educate first, avoid stereotypes, avoid fake claims, use calm student-focused language, and make the content useful without search traffic.","Add canonical self-reference, BreadcrumbList, appropriate Article/FAQ/tool schema, internal related-links block, optimized image metadata, and sitemap inclusion only when published."
"PRO-003","45","Dating Profile Picture Tips for Students","Dating Profile Picture Tips for Students","/dating-profile-picture-tips-students","New page","dating profile picture tips","dating profile pictures, profile photo examples, dating photos students","What is dating profile picture tips? | How should students approach dating profile picture tips? | What should Nigerian students know before acting on this advice? | How can The College Date help with this safely?","Informational","Consideration","High","Medium","8","9","8","7","75","Shy student","Dating Profiles and Matching","How-to guide or tool landing page","900-1,500 words","What should I know about dating profile picture tips as a student?","Dating Profile Picture Tips for Students should answer the student’s main question first, then give practical Nigerian campus examples and safety-conscious next steps.","What dating profile picture tips means for students | Why it matters on Nigerian campuses | Practical steps and examples | Mistakes to avoid | Safety and privacy notes | How The College Date fits naturally | FAQs","Include student-specific scenarios, Nigerian campus context where relevant, and practical examples that are not copied from generic dating advice pages.","Use examples from lectures, hostels, faculty events, resumption periods, Lagos hangouts, student budgets, campus transport, group chats, and Android-first mobile usage where natural.","Verify any factual claims about The College Date, Nigerian locations, school terms, app features, and public safety guidance.","Official app pages, Google Play listing, university resources, reputable Nigerian media, expert-reviewed relationship or safety resources.","/dating-app-for-students | /download | /safety | /faq","/dating-bio-examples-students | /dating-bio-generator | /profile-photo-checklist | /dating-profile-mistakes-students | /how-to-get-more-matches-dating-app","/dating-profile-guide-students","Link to /safety when the page discusses meeting, privacy, scams, boundaries, consent, or messaging risk.","Create your profile","Read profile safety tips","One contextual CTA after the first useful section and one gentle final CTA. Avoid interrupting safety or wellbeing advice.","Dating Profile Picture Tips for Students visual with Nigerian student/campus context, app-neutral composition, and no fake testimonial elements.","Dating Profile Picture Tips for Students guide for Nigerian students","Article, FAQPage, BreadcrumbList","What is dating profile picture tips? | How should students approach dating profile picture tips? | What should Nigerian students know before acting on this advice?","Add a 40-60 word answer box near the top, followed by a concise checklist or table that can be cited by AI search systems.","Editorial author with Nigerian student lifestyle familiarity","Review every 6-12 months, sooner if user safety or product facts change.","Differentiate from /dating-profile-guide-students by keeping this page focused on dating profile picture tips.","Follow the Editorial Handbook: educate first, avoid stereotypes, avoid fake claims, use calm student-focused language, and make the content useful without search traffic.","Add canonical self-reference, BreadcrumbList, appropriate Article/FAQ/tool schema, internal related-links block, optimized image metadata, and sitemap inclusion only when published."
"PRO-004","46","Profile Photo Checklist for Dating Apps","Profile Photo Checklist for Dating Apps","/profile-photo-checklist","New page","profile photo checklist dating app","dating profile photo checklist, best dating profile pictures, profile photo tips","What is profile photo checklist dating app? | How should students approach profile photo checklist dating app? | What should Nigerian students know before acting on this advice? | How can The College Date help with this safely?","Mixed","Consideration","Medium","Low","8","9","8","7","76","Shy student","Dating Profiles and Matching","How-to guide or tool landing page","600-1,000 words plus interactive tool","What should I know about profile photo checklist dating app as a student?","Profile Photo Checklist for Dating Apps should explain the tool quickly, show who it helps, and guide students toward a useful result before any product CTA.","What this tool does | Who should use it | How to use it | Privacy and safety notes | Recommended next steps | Related guides | FAQs","Include student-specific scenarios, Nigerian campus context where relevant, and practical examples that are not copied from generic dating advice pages.","Use examples from lectures, hostels, faculty events, resumption periods, Lagos hangouts, student budgets, campus transport, group chats, and Android-first mobile usage where natural.","Verify any factual claims about The College Date, Nigerian locations, school terms, app features, and public safety guidance.","Official app pages, Google Play listing, university resources, reputable Nigerian media, expert-reviewed relationship or safety resources.","/dating-app-for-students | /download | /safety | /faq","/dating-bio-examples-students | /dating-bio-generator | /dating-profile-picture-tips-students | /dating-profile-mistakes-students | /how-to-get-more-matches-dating-app","/dating-profile-guide-students","Link to /safety when the page discusses meeting, privacy, scams, boundaries, consent, or messaging risk.","Create your profile","Read profile safety tips","One contextual CTA after the first useful section and one gentle final CTA. Avoid interrupting safety or wellbeing advice.","Profile Photo Checklist for Dating Apps visual with Nigerian student/campus context, app-neutral composition, and no fake testimonial elements.","Profile Photo Checklist for Dating Apps guide for Nigerian students","Article, FAQPage, BreadcrumbList","What is profile photo checklist dating app? | How should students approach profile photo checklist dating app? | What should Nigerian students know before acting on this advice?","Add a 40-60 word answer box near the top, followed by a concise checklist or table that can be cited by AI search systems.","Editorial author with Nigerian student lifestyle familiarity","Review every 6-12 months, sooner if user safety or product facts change.","Differentiate from /dating-profile-guide-students by keeping this page focused on profile photo checklist dating app.","Follow the Editorial Handbook: educate first, avoid stereotypes, avoid fake claims, use calm student-focused language, and make the content useful without search traffic.","Add canonical self-reference, BreadcrumbList, appropriate Article/FAQ/tool schema, internal related-links block, optimized image metadata, and sitemap inclusion only when published."
"PRO-005","47","Dating Profile Mistakes Students Should Avoid","Dating Profile Mistakes Students Should Avoid","/dating-profile-mistakes-students","New page","dating profile mistakes","dating profile mistakes students, bad dating profile examples, profile tips","What is dating profile mistakes? | How should students approach dating profile mistakes? | What should Nigerian students know before acting on this advice? | How can The College Date help with this safely?","Informational","Consideration","Medium","Medium","8","9","8","5","69","Shy student","Dating Profiles and Matching","How-to guide or tool landing page","900-1,500 words","What should I know about dating profile mistakes as a student?","Dating Profile Mistakes Students Should Avoid should answer the student’s main question first, then give practical Nigerian campus examples and safety-conscious next steps.","What dating profile mistakes means for students | Why it matters on Nigerian campuses | Practical steps and examples | Mistakes to avoid | Safety and privacy notes | How The College Date fits naturally | FAQs","Include student-specific scenarios, Nigerian campus context where relevant, and practical examples that are not copied from generic dating advice pages.","Use examples from lectures, hostels, faculty events, resumption periods, Lagos hangouts, student budgets, campus transport, group chats, and Android-first mobile usage where natural.","Verify any factual claims about The College Date, Nigerian locations, school terms, app features, and public safety guidance.","Official app pages, Google Play listing, university resources, reputable Nigerian media, expert-reviewed relationship or safety resources.","/dating-app-for-students | /download | /safety | /faq","/dating-bio-examples-students | /dating-bio-generator | /dating-profile-picture-tips-students | /profile-photo-checklist | /how-to-get-more-matches-dating-app","/dating-profile-guide-students","Link to /safety when the page discusses meeting, privacy, scams, boundaries, consent, or messaging risk.","Create your profile","Read profile safety tips","One contextual CTA after the first useful section and one gentle final CTA. Avoid interrupting safety or wellbeing advice.","Dating Profile Mistakes Students Should Avoid visual with Nigerian student/campus context, app-neutral composition, and no fake testimonial elements.","Dating Profile Mistakes Students Should Avoid guide for Nigerian students","Article, FAQPage, BreadcrumbList","What is dating profile mistakes? | How should students approach dating profile mistakes? | What should Nigerian students know before acting on this advice?","Add a 40-60 word answer box near the top, followed by a concise checklist or table that can be cited by AI search systems.","Editorial author with Nigerian student lifestyle familiarity","Review every 6-12 months, sooner if user safety or product facts change.","Differentiate from /dating-profile-guide-students by keeping this page focused on dating profile mistakes.","Follow the Editorial Handbook: educate first, avoid stereotypes, avoid fake claims, use calm student-focused language, and make the content useful without search traffic.","Add canonical self-reference, BreadcrumbList, appropriate Article/FAQ/tool schema, internal related-links block, optimized image metadata, and sitemap inclusion only when published."
"PRO-006","48","How to Get More Matches on Dating Apps","How to Get More Matches on Dating Apps","/how-to-get-more-matches-dating-app","New page","how to get more matches dating app","get more matches on dating apps, dating profile tips, better matches","What is how to get more matches dating app? | How should students approach how to get more matches dating app? | What should Nigerian students know before acting on this advice? | How can The College Date help with this safely?","Informational","Consideration","High","High","8","9","9","5","70","Shy student","Dating Profiles and Matching","How-to guide or tool landing page","900-1,500 words","What should I know about how to get more matches dating app as a student?","How to Get More Matches on Dating Apps should answer the student’s main question first, then give practical Nigerian campus examples and safety-conscious next steps.","What how to get more matches dating app means for students | Why it matters on Nigerian campuses | Practical steps and examples | Mistakes to avoid | Safety and privacy notes | How The College Date fits naturally | FAQs","Include student-specific scenarios, Nigerian campus context where relevant, and practical examples that are not copied from generic dating advice pages.","Use examples from lectures, hostels, faculty events, resumption periods, Lagos hangouts, student budgets, campus transport, group chats, and Android-first mobile usage where natural.","Verify any factual claims about The College Date, Nigerian locations, school terms, app features, and public safety guidance.","Official app pages, Google Play listing, university resources, reputable Nigerian media, expert-reviewed relationship or safety resources.","/dating-app-for-students | /download | /safety | /faq","/dating-bio-examples-students | /dating-bio-generator | /dating-profile-picture-tips-students | /profile-photo-checklist | /dating-profile-mistakes-students","/dating-profile-guide-students","Link to /safety when the page discusses meeting, privacy, scams, boundaries, consent, or messaging risk.","Create your profile","Read profile safety tips","One contextual CTA after the first useful section and one gentle final CTA. Avoid interrupting safety or wellbeing advice.","How to Get More Matches on Dating Apps visual with Nigerian student/campus context, app-neutral composition, and no fake testimonial elements.","How to Get More Matches on Dating Apps guide for Nigerian students","Article, FAQPage, BreadcrumbList","What is how to get more matches dating app? | How should students approach how to get more matches dating app? | What should Nigerian students know before acting on this advice?","Add a 40-60 word answer box near the top, followed by a concise checklist or table that can be cited by AI search systems.","Editorial author with Nigerian student lifestyle familiarity","Review every 6-12 months, sooner if user safety or product facts change.","Differentiate from /dating-profile-guide-students by keeping this page focused on how to get more matches dating app.","Follow the Editorial Handbook: educate first, avoid stereotypes, avoid fake claims, use calm student-focused language, and make the content useful without search traffic.","Add canonical self-reference, BreadcrumbList, appropriate Article/FAQ/tool schema, internal related-links block, optimized image metadata, and sitemap inclusion only when published."
"PRO-007","49","Dating Profile Prompts for Students","Dating Profile Prompts for Students","/dating-profile-prompts-students","New page","dating profile prompts","dating prompt answers, dating profile questions, profile prompt examples","What is dating profile prompts? | How should students approach dating profile prompts? | What should Nigerian students know before acting on this advice? | How can The College Date help with this safely?","Informational","Consideration","High","Medium","8","9","8","4","72","Shy student","Dating Profiles and Matching","How-to guide or tool landing page","900-1,500 words","What should I know about dating profile prompts as a student?","Dating Profile Prompts for Students should answer the student’s main question first, then give practical Nigerian campus examples and safety-conscious next steps.","What dating profile prompts means for students | Why it matters on Nigerian campuses | Practical steps and examples | Mistakes to avoid | Safety and privacy notes | How The College Date fits naturally | FAQs","Include student-specific scenarios, Nigerian campus context where relevant, and practical examples that are not copied from generic dating advice pages.","Use examples from lectures, hostels, faculty events, resumption periods, Lagos hangouts, student budgets, campus transport, group chats, and Android-first mobile usage where natural.","Verify any factual claims about The College Date, Nigerian locations, school terms, app features, and public safety guidance.","Official app pages, Google Play listing, university resources, reputable Nigerian media, expert-reviewed relationship or safety resources.","/dating-app-for-students | /download | /safety | /faq","/dating-bio-examples-students | /dating-bio-generator | /dating-profile-picture-tips-students | /profile-photo-checklist | /dating-profile-mistakes-students","/dating-profile-guide-students","Link to /safety when the page discusses meeting, privacy, scams, boundaries, consent, or messaging risk.","Create your profile","Read profile safety tips","One contextual CTA after the first useful section and one gentle final CTA. Avoid interrupting safety or wellbeing advice.","Dating Profile Prompts for Students visual with Nigerian student/campus context, app-neutral composition, and no fake testimonial elements.","Dating Profile Prompts for Students guide for Nigerian students","Article, FAQPage, BreadcrumbList","What is dating profile prompts? | How should students approach dating profile prompts? | What should Nigerian students know before acting on this advice?","Add a 40-60 word answer box near the top, followed by a concise checklist or table that can be cited by AI search systems.","Editorial author with Nigerian student lifestyle familiarity","Review every 6-12 months, sooner if user safety or product facts change.","Differentiate from /dating-profile-guide-students by keeping this page focused on dating profile prompts.","Follow the Editorial Handbook: educate first, avoid stereotypes, avoid fake claims, use calm student-focused language, and make the content useful without search traffic.","Add canonical self-reference, BreadcrumbList, appropriate Article/FAQ/tool schema, internal related-links block, optimized image metadata, and sitemap inclusion only when published."
"PRO-008","50","How to State Your Intentions on a Dating Profile","How to State Your Intentions on a Dating Profile","/how-to-state-intentions-dating-profile","New page","state intentions dating profile","serious relationship profile, dating profile intentions, honest dating profile","What is state intentions dating profile? | How should students approach state intentions dating profile? | What should Nigerian students know before acting on this advice? | How can The College Date help with this safely?","Informational","Consideration","Medium","Medium","8","8","8","6","69","Shy student","Dating Profiles and Matching","How-to guide or tool landing page","900-1,500 words","What should I know about state intentions dating profile as a student?","How to State Your Intentions on a Dating Profile should answer the student’s main question first, then give practical Nigerian campus examples and safety-conscious next steps.","What state intentions dating profile means for students | Why it matters on Nigerian campuses | Practical steps and examples | Mistakes to avoid | Safety and privacy notes | How The College Date fits naturally | FAQs","Include student-specific scenarios, Nigerian campus context where relevant, and practical examples that are not copied from generic dating advice pages.","Use examples from lectures, hostels, faculty events, resumption periods, Lagos hangouts, student budgets, campus transport, group chats, and Android-first mobile usage where natural.","Verify any factual claims about The College Date, Nigerian locations, school terms, app features, and public safety guidance.","Official app pages, Google Play listing, university resources, reputable Nigerian media, expert-reviewed relationship or safety resources.","/dating-app-for-students | /download | /safety | /faq","/dating-bio-examples-students | /dating-bio-generator | /dating-profile-picture-tips-students | /profile-photo-checklist | /dating-profile-mistakes-students","/dating-profile-guide-students","Link to /safety when the page discusses meeting, privacy, scams, boundaries, consent, or messaging risk.","Create your profile","Read profile safety tips","One contextual CTA after the first useful section and one gentle final CTA. Avoid interrupting safety or wellbeing advice.","How to State Your Intentions on a Dating Profile visual with Nigerian student/campus context, app-neutral composition, and no fake testimonial elements.","How to State Your Intentions on a Dating Profile guide for Nigerian students","Article, FAQPage, BreadcrumbList","What is state intentions dating profile? | How should students approach state intentions dating profile? | What should Nigerian students know before acting on this advice?","Add a 40-60 word answer box near the top, followed by a concise checklist or table that can be cited by AI search systems.","Editorial author with Nigerian student lifestyle familiarity","Review every 6-12 months, sooner if user safety or product facts change.","Differentiate from /dating-profile-guide-students by keeping this page focused on state intentions dating profile.","Follow the Editorial Handbook: educate first, avoid stereotypes, avoid fake claims, use calm student-focused language, and make the content useful without search traffic.","Add canonical self-reference, BreadcrumbList, appropriate Article/FAQ/tool schema, internal related-links block, optimized image metadata, and sitemap inclusion only when published."
"PRO-009","51","Verified Dating Profiles: What Students Should Know","Verified Dating Profiles: What Students Should Know","/verified-dating-profiles-students","New page","verified dating profile","verified dating apps, profile verification, safe dating profiles","What is verified dating profile? | How should students approach verified dating profile? | What should Nigerian students know before acting on this advice? | How can The College Date help with this safely?","Informational","Consideration","Medium","Medium","8","8","7","9","71","Shy student","Dating Profiles and Matching","How-to guide or tool landing page","900-1,500 words","What should I know about verified dating profile as a student?","Verified Dating Profiles: What Students Should Know should answer the student’s main question first, then give practical Nigerian campus examples and safety-conscious next steps.","What verified dating profile means for students | Why it matters on Nigerian campuses | Practical steps and examples | Mistakes to avoid | Safety and privacy notes | How The College Date fits naturally | FAQs","Include student-specific scenarios, Nigerian campus context where relevant, and practical examples that are not copied from generic dating advice pages.","Use examples from lectures, hostels, faculty events, resumption periods, Lagos hangouts, student budgets, campus transport, group chats, and Android-first mobile usage where natural.","Verify any factual claims about The College Date, Nigerian locations, school terms, app features, and public safety guidance.","Official app pages, Google Play listing, university resources, reputable Nigerian media, expert-reviewed relationship or safety resources.","/dating-app-for-students | /download | /safety | /faq","/dating-bio-examples-students | /dating-bio-generator | /dating-profile-picture-tips-students | /profile-photo-checklist | /dating-profile-mistakes-students","/dating-profile-guide-students","Link to /safety when the page discusses meeting, privacy, scams, boundaries, consent, or messaging risk.","Create your profile","Read profile safety tips","One contextual CTA after the first useful section and one gentle final CTA. Avoid interrupting safety or wellbeing advice.","Verified Dating Profiles: What Students Should Know visual with Nigerian student/campus context, app-neutral composition, and no fake testimonial elements.","Verified Dating Profiles: What Students Should Know guide for Nigerian students","Article, FAQPage, BreadcrumbList","What is verified dating profile? | How should students approach verified dating profile? | What should Nigerian students know before acting on this advice?","Add a 40-60 word answer box near the top, followed by a concise checklist or table that can be cited by AI search systems.","Editorial author with Nigerian student lifestyle familiarity","Review every 6-12 months, sooner if user safety or product facts change.","Differentiate from /dating-profile-guide-students by keeping this page focused on verified dating profile.","Follow the Editorial Handbook: educate first, avoid stereotypes, avoid fake claims, use calm student-focused language, and make the content useful without search traffic.","Add canonical self-reference, BreadcrumbList, appropriate Article/FAQ/tool schema, internal related-links block, optimized image metadata, and sitemap inclusion only when published."
"PRO-010","52","Dating Profile Examples for Shy Students","Dating Profile Examples for Shy Students","/profile-examples-for-shy-students","New page","dating profile examples shy students","introvert dating profile, shy dating bio, student profile examples","What is dating profile examples shy students? | How should students approach dating profile examples shy students? | What should Nigerian students know before acting on this advice? | How can The College Date help with this safely?","Informational","Consideration","Medium","Medium","8","8","8","5","68","Shy student","Dating Profiles and Matching","How-to guide or tool landing page","900-1,500 words","What should I know about dating profile examples shy students as a student?","Dating Profile Examples for Shy Students should answer the student’s main question first, then give practical Nigerian campus examples and safety-conscious next steps.","What dating profile examples shy students means for students | Why it matters on Nigerian campuses | Practical steps and examples | Mistakes to avoid | Safety and privacy notes | How The College Date fits naturally | FAQs","Include student-specific scenarios, Nigerian campus context where relevant, and practical examples that are not copied from generic dating advice pages.","Use examples from lectures, hostels, faculty events, resumption periods, Lagos hangouts, student budgets, campus transport, group chats, and Android-first mobile usage where natural.","Verify any factual claims about The College Date, Nigerian locations, school terms, app features, and public safety guidance.","Official app pages, Google Play listing, university resources, reputable Nigerian media, expert-reviewed relationship or safety resources.","/dating-app-for-students | /download | /safety | /faq","/dating-bio-examples-students | /dating-bio-generator | /dating-profile-picture-tips-students | /profile-photo-checklist | /dating-profile-mistakes-students","/dating-profile-guide-students","Link to /safety when the page discusses meeting, privacy, scams, boundaries, consent, or messaging risk.","Create your profile","Read profile safety tips","One contextual CTA after the first useful section and one gentle final CTA. Avoid interrupting safety or wellbeing advice.","Dating Profile Examples for Shy Students visual with Nigerian student/campus context, app-neutral composition, and no fake testimonial elements.","Dating Profile Examples for Shy Students guide for Nigerian students","Article, FAQPage, BreadcrumbList","What is dating profile examples shy students? | How should students approach dating profile examples shy students? | What should Nigerian students know before acting on this advice?","Add a 40-60 word answer box near the top, followed by a concise checklist or table that can be cited by AI search systems.","Editorial author with Nigerian student lifestyle familiarity","Review every 6-12 months, sooner if user safety or product facts change.","Differentiate from /dating-profile-guide-students by keeping this page focused on dating profile examples shy students.","Follow the Editorial Handbook: educate first, avoid stereotypes, avoid fake claims, use calm student-focused language, and make the content useful without search traffic.","Add canonical self-reference, BreadcrumbList, appropriate Article/FAQ/tool schema, internal related-links block, optimized image metadata, and sitemap inclusion only when published."
"MSG-001","53","Conversation Starter Generator for Dating Apps","Conversation Starter Generator for Dating Apps","/conversation-starters-dating-app","New page","conversation starters dating app","first message dating app, good conversation starters, flirty conversation starters","What is conversation starters dating app? | How should students approach conversation starters dating app? | What should Nigerian students know before acting on this advice? | How can The College Date help with this safely?","Mixed","Awareness","High","Medium","10","10","10","4","80","Shy student","Conversations and Messaging","How-to guide or tool landing page","600-1,000 words plus interactive tool","What should I know about conversation starters dating app as a student?","Conversation Starter Generator for Dating Apps should explain the tool quickly, show who it helps, and guide students toward a useful result before any product CTA.","What this tool does | Who should use it | How to use it | Privacy and safety notes | Recommended next steps | Related guides | FAQs","Include student-specific scenarios, Nigerian campus context where relevant, and practical examples that are not copied from generic dating advice pages.","Use examples from lectures, hostels, faculty events, resumption periods, Lagos hangouts, student budgets, campus transport, group chats, and Android-first mobile usage where natural.","Verify any factual claims about The College Date, Nigerian locations, school terms, app features, and public safety guidance.","Official app pages, Google Play listing, university resources, reputable Nigerian media, expert-reviewed relationship or safety resources.","/dating-app-for-students | /safety | /download | /relationship-advice-for-students","/first-message-examples-dating-app | /how-to-text-a-match | /how-to-keep-a-conversation-going | /dry-conversation-dating-app | /when-to-ask-someone-out-dating-app","/conversation-starters-dating-app","Link to /safety when the page discusses meeting, privacy, scams, boundaries, consent, or messaging risk.","Try The College Date","Read respectful messaging tips","One contextual CTA after the first useful section and one gentle final CTA. Avoid interrupting safety or wellbeing advice.","Conversation Starter Generator for Dating Apps visual with Nigerian student/campus context, app-neutral composition, and no fake testimonial elements.","Conversation Starter Generator for Dating Apps guide for Nigerian students","SoftwareApplication, WebPage, FAQPage, BreadcrumbList","What is conversation starters dating app? | How should students approach conversation starters dating app? | What should Nigerian students know before acting on this advice?","Add a 40-60 word answer box near the top, followed by a concise checklist or table that can be cited by AI search systems.","Editorial author with Nigerian student lifestyle familiarity","Review every 6-12 months, sooner if user safety or product facts change.","Differentiate from /conversation-starters-dating-app by keeping this page focused on conversation starters dating app.","Follow the Editorial Handbook: educate first, avoid stereotypes, avoid fake claims, use calm student-focused language, and make the content useful without search traffic.","Add canonical self-reference, BreadcrumbList, appropriate Article/FAQ/tool schema, internal related-links block, optimized image metadata, and sitemap inclusion only when published."
"MSG-002","54","First Message Examples for Dating Apps","First Message Examples for Dating Apps","/first-message-examples-dating-app","New page","first message examples dating app","dating app opener examples, first text after matching, opening messages","What is first message examples dating app? | How should students approach first message examples dating app? | What should Nigerian students know before acting on this advice? | How can The College Date help with this safely?","Informational","Awareness","High","Medium","9","9","9","4","75","Shy student","Conversations and Messaging","How-to guide or tool landing page","900-1,500 words","What should I know about first message examples dating app as a student?","First Message Examples for Dating Apps should answer the student’s main question first, then give practical Nigerian campus examples and safety-conscious next steps.","What first message examples dating app means for students | Why it matters on Nigerian campuses | Practical steps and examples | Mistakes to avoid | Safety and privacy notes | How The College Date fits naturally | FAQs","Include student-specific scenarios, Nigerian campus context where relevant, and practical examples that are not copied from generic dating advice pages.","Use examples from lectures, hostels, faculty events, resumption periods, Lagos hangouts, student budgets, campus transport, group chats, and Android-first mobile usage where natural.","Verify any factual claims about The College Date, Nigerian locations, school terms, app features, and public safety guidance.","Official app pages, Google Play listing, university resources, reputable Nigerian media, expert-reviewed relationship or safety resources.","/dating-app-for-students | /safety | /download | /relationship-advice-for-students","/conversation-starters-dating-app | /how-to-text-a-match | /how-to-keep-a-conversation-going | /dry-conversation-dating-app | /when-to-ask-someone-out-dating-app","/conversation-starters-dating-app","Link to /safety when the page discusses meeting, privacy, scams, boundaries, consent, or messaging risk.","Try The College Date","Read respectful messaging tips","One contextual CTA after the first useful section and one gentle final CTA. Avoid interrupting safety or wellbeing advice.","First Message Examples for Dating Apps visual with Nigerian student/campus context, app-neutral composition, and no fake testimonial elements.","First Message Examples for Dating Apps guide for Nigerian students","Article, FAQPage, BreadcrumbList","What is first message examples dating app? | How should students approach first message examples dating app? | What should Nigerian students know before acting on this advice?","Add a 40-60 word answer box near the top, followed by a concise checklist or table that can be cited by AI search systems.","Editorial author with Nigerian student lifestyle familiarity","Review every 6-12 months, sooner if user safety or product facts change.","Differentiate from /conversation-starters-dating-app by keeping this page focused on first message examples dating app.","Follow the Editorial Handbook: educate first, avoid stereotypes, avoid fake claims, use calm student-focused language, and make the content useful without search traffic.","Add canonical self-reference, BreadcrumbList, appropriate Article/FAQ/tool schema, internal related-links block, optimized image metadata, and sitemap inclusion only when published."
"MSG-003","55","How to Text a Match Without Being Awkward","How to Text a Match Without Being Awkward","/how-to-text-a-match","New page","how to text a match","how to text a girl you matched with, text after matching, dating app texting","What is how to text a match? | How should students approach how to text a match? | What should Nigerian students know before acting on this advice? | How can The College Date help with this safely?","Informational","Awareness","High","High","8","9","8","5","69","Shy student","Conversations and Messaging","How-to guide or tool landing page","900-1,500 words","What should I know about how to text a match as a student?","How to Text a Match Without Being Awkward should answer the student’s main question first, then give practical Nigerian campus examples and safety-conscious next steps.","What how to text a match means for students | Why it matters on Nigerian campuses | Practical steps and examples | Mistakes to avoid | Safety and privacy notes | How The College Date fits naturally | FAQs","Include student-specific scenarios, Nigerian campus context where relevant, and practical examples that are not copied from generic dating advice pages.","Use examples from lectures, hostels, faculty events, resumption periods, Lagos hangouts, student budgets, campus transport, group chats, and Android-first mobile usage where natural.","Verify any factual claims about The College Date, Nigerian locations, school terms, app features, and public safety guidance.","Official app pages, Google Play listing, university resources, reputable Nigerian media, expert-reviewed relationship or safety resources.","/dating-app-for-students | /safety | /download | /relationship-advice-for-students","/conversation-starters-dating-app | /first-message-examples-dating-app | /how-to-keep-a-conversation-going | /dry-conversation-dating-app | /when-to-ask-someone-out-dating-app","/conversation-starters-dating-app","Link to /safety when the page discusses meeting, privacy, scams, boundaries, consent, or messaging risk.","Try The College Date","Read respectful messaging tips","One contextual CTA after the first useful section and one gentle final CTA. Avoid interrupting safety or wellbeing advice.","How to Text a Match Without Being Awkward visual with Nigerian student/campus context, app-neutral composition, and no fake testimonial elements.","How to Text a Match Without Being Awkward guide for Nigerian students","Article, FAQPage, BreadcrumbList","What is how to text a match? | How should students approach how to text a match? | What should Nigerian students know before acting on this advice?","Add a 40-60 word answer box near the top, followed by a concise checklist or table that can be cited by AI search systems.","Editorial author with Nigerian student lifestyle familiarity","Review every 6-12 months, sooner if user safety or product facts change.","Differentiate from /conversation-starters-dating-app by keeping this page focused on how to text a match.","Follow the Editorial Handbook: educate first, avoid stereotypes, avoid fake claims, use calm student-focused language, and make the content useful without search traffic.","Add canonical self-reference, BreadcrumbList, appropriate Article/FAQ/tool schema, internal related-links block, optimized image metadata, and sitemap inclusion only when published."
"MSG-004","56","How to Keep a Conversation Going on a Dating App","How to Keep a Conversation Going on a Dating App","/how-to-keep-a-conversation-going","New page","how to keep a conversation going","keep chat interesting, dating app conversation tips, questions to ask","What is how to keep a conversation going? | How should students approach how to keep a conversation going? | What should Nigerian students know before acting on this advice? | How can The College Date help with this safely?","Informational","Awareness","High","Medium","8","9","8","4","72","Shy student","Conversations and Messaging","How-to guide or tool landing page","900-1,500 words","What should I know about how to keep a conversation going as a student?","How to Keep a Conversation Going on a Dating App should answer the student’s main question first, then give practical Nigerian campus examples and safety-conscious next steps.","What how to keep a conversation going means for students | Why it matters on Nigerian campuses | Practical steps and examples | Mistakes to avoid | Safety and privacy notes | How The College Date fits naturally | FAQs","Include student-specific scenarios, Nigerian campus context where relevant, and practical examples that are not copied from generic dating advice pages.","Use examples from lectures, hostels, faculty events, resumption periods, Lagos hangouts, student budgets, campus transport, group chats, and Android-first mobile usage where natural.","Verify any factual claims about The College Date, Nigerian locations, school terms, app features, and public safety guidance.","Official app pages, Google Play listing, university resources, reputable Nigerian media, expert-reviewed relationship or safety resources.","/dating-app-for-students | /safety | /download | /relationship-advice-for-students","/conversation-starters-dating-app | /first-message-examples-dating-app | /how-to-text-a-match | /dry-conversation-dating-app | /when-to-ask-someone-out-dating-app","/conversation-starters-dating-app","Link to /safety when the page discusses meeting, privacy, scams, boundaries, consent, or messaging risk.","Try The College Date","Read respectful messaging tips","One contextual CTA after the first useful section and one gentle final CTA. Avoid interrupting safety or wellbeing advice.","How to Keep a Conversation Going on a Dating App visual with Nigerian student/campus context, app-neutral composition, and no fake testimonial elements.","How to Keep a Conversation Going on a Dating App guide for Nigerian students","Article, FAQPage, BreadcrumbList","What is how to keep a conversation going? | How should students approach how to keep a conversation going? | What should Nigerian students know before acting on this advice?","Add a 40-60 word answer box near the top, followed by a concise checklist or table that can be cited by AI search systems.","Editorial author with Nigerian student lifestyle familiarity","Review every 6-12 months, sooner if user safety or product facts change.","Differentiate from /conversation-starters-dating-app by keeping this page focused on how to keep a conversation going.","Follow the Editorial Handbook: educate first, avoid stereotypes, avoid fake claims, use calm student-focused language, and make the content useful without search traffic.","Add canonical self-reference, BreadcrumbList, appropriate Article/FAQ/tool schema, internal related-links block, optimized image metadata, and sitemap inclusion only when published."
"MSG-005","57","How to Fix a Dry Conversation on a Dating App","How to Fix a Dry Conversation on a Dating App","/dry-conversation-dating-app","New page","dry conversation dating app","dry texter dating, boring conversation dating, revive a conversation","What is dry conversation dating app? | How should students approach dry conversation dating app? | What should Nigerian students know before acting on this advice? | How can The College Date help with this safely?","Informational","Awareness","Medium","Medium","7","8","7","4","64","Shy student","Conversations and Messaging","How-to guide or tool landing page","900-1,500 words","What should I know about dry conversation dating app as a student?","How to Fix a Dry Conversation on a Dating App should answer the student’s main question first, then give practical Nigerian campus examples and safety-conscious next steps.","What dry conversation dating app means for students | Why it matters on Nigerian campuses | Practical steps and examples | Mistakes to avoid | Safety and privacy notes | How The College Date fits naturally | FAQs","Include student-specific scenarios, Nigerian campus context where relevant, and practical examples that are not copied from generic dating advice pages.","Use examples from lectures, hostels, faculty events, resumption periods, Lagos hangouts, student budgets, campus transport, group chats, and Android-first mobile usage where natural.","Verify any factual claims about The College Date, Nigerian locations, school terms, app features, and public safety guidance.","Official app pages, Google Play listing, university resources, reputable Nigerian media, expert-reviewed relationship or safety resources.","/dating-app-for-students | /safety | /download | /relationship-advice-for-students","/conversation-starters-dating-app | /first-message-examples-dating-app | /how-to-text-a-match | /how-to-keep-a-conversation-going | /when-to-ask-someone-out-dating-app","/conversation-starters-dating-app","Link to /safety when the page discusses meeting, privacy, scams, boundaries, consent, or messaging risk.","Try The College Date","Read respectful messaging tips","One contextual CTA after the first useful section and one gentle final CTA. Avoid interrupting safety or wellbeing advice.","How to Fix a Dry Conversation on a Dating App visual with Nigerian student/campus context, app-neutral composition, and no fake testimonial elements.","How to Fix a Dry Conversation on a Dating App guide for Nigerian students","Article, FAQPage, BreadcrumbList","What is dry conversation dating app? | How should students approach dry conversation dating app? | What should Nigerian students know before acting on this advice?","Add a 40-60 word answer box near the top, followed by a concise checklist or table that can be cited by AI search systems.","Editorial author with Nigerian student lifestyle familiarity","Review every 6-12 months, sooner if user safety or product facts change.","Differentiate from /conversation-starters-dating-app by keeping this page focused on dry conversation dating app.","Follow the Editorial Handbook: educate first, avoid stereotypes, avoid fake claims, use calm student-focused language, and make the content useful without search traffic.","Add canonical self-reference, BreadcrumbList, appropriate Article/FAQ/tool schema, internal related-links block, optimized image metadata, and sitemap inclusion only when published."
"MSG-006","58","When to Ask Someone Out After Matching","When to Ask Someone Out After Matching","/when-to-ask-someone-out-dating-app","New page","when to ask someone out dating app","ask match on a date, when to ask someone out, first date timing","What is when to ask someone out dating app? | How should students approach when to ask someone out dating app? | What should Nigerian students know before acting on this advice? | How can The College Date help with this safely?","Informational","Awareness","High","Medium","8","8","8","6","73","Shy student","Conversations and Messaging","How-to guide or tool landing page","900-1,500 words","What should I know about when to ask someone out dating app as a student?","When to Ask Someone Out After Matching should answer the student’s main question first, then give practical Nigerian campus examples and safety-conscious next steps.","What when to ask someone out dating app means for students | Why it matters on Nigerian campuses | Practical steps and examples | Mistakes to avoid | Safety and privacy notes | How The College Date fits naturally | FAQs","Include student-specific scenarios, Nigerian campus context where relevant, and practical examples that are not copied from generic dating advice pages.","Use examples from lectures, hostels, faculty events, resumption periods, Lagos hangouts, student budgets, campus transport, group chats, and Android-first mobile usage where natural.","Verify any factual claims about The College Date, Nigerian locations, school terms, app features, and public safety guidance.","Official app pages, Google Play listing, university resources, reputable Nigerian media, expert-reviewed relationship or safety resources.","/dating-app-for-students | /safety | /download | /relationship-advice-for-students","/conversation-starters-dating-app | /first-message-examples-dating-app | /how-to-text-a-match | /how-to-keep-a-conversation-going | /dry-conversation-dating-app","/conversation-starters-dating-app","Link to /safety when the page discusses meeting, privacy, scams, boundaries, consent, or messaging risk.","Try The College Date","Read respectful messaging tips","One contextual CTA after the first useful section and one gentle final CTA. Avoid interrupting safety or wellbeing advice.","When to Ask Someone Out After Matching visual with Nigerian student/campus context, app-neutral composition, and no fake testimonial elements.","When to Ask Someone Out After Matching guide for Nigerian students","Article, FAQPage, BreadcrumbList","What is when to ask someone out dating app? | How should students approach when to ask someone out dating app? | What should Nigerian students know before acting on this advice?","Add a 40-60 word answer box near the top, followed by a concise checklist or table that can be cited by AI search systems.","Editorial author with Nigerian student lifestyle familiarity","Review every 6-12 months, sooner if user safety or product facts change.","Differentiate from /conversation-starters-dating-app by keeping this page focused on when to ask someone out dating app.","Follow the Editorial Handbook: educate first, avoid stereotypes, avoid fake claims, use calm student-focused language, and make the content useful without search traffic.","Add canonical self-reference, BreadcrumbList, appropriate Article/FAQ/tool schema, internal related-links block, optimized image metadata, and sitemap inclusion only when published."
"MSG-007","59","Respectful Flirting Tips for Students","Respectful Flirting Tips for Students","/respectful-flirting-students","New page","respectful flirting","flirting tips students, how to flirt respectfully, dating boundaries","What is respectful flirting? | How should students approach respectful flirting? | What should Nigerian students know before acting on this advice? | How can The College Date help with this safely?","Informational","Awareness","Medium","Medium","7","9","6","9","69","Shy student","Conversations and Messaging","How-to guide or tool landing page","900-1,500 words","What should I know about respectful flirting as a student?","Respectful Flirting Tips for Students should answer the student’s main question first, then give practical Nigerian campus examples and safety-conscious next steps.","What respectful flirting means for students | Why it matters on Nigerian campuses | Practical steps and examples | Mistakes to avoid | Safety and privacy notes | How The College Date fits naturally | FAQs","Include student-specific scenarios, Nigerian campus context where relevant, and practical examples that are not copied from generic dating advice pages.","Use examples from lectures, hostels, faculty events, resumption periods, Lagos hangouts, student budgets, campus transport, group chats, and Android-first mobile usage where natural.","Verify any factual claims about The College Date, Nigerian locations, school terms, app features, and public safety guidance.","Official app pages, Google Play listing, university resources, reputable Nigerian media, expert-reviewed relationship or safety resources.","/dating-app-for-students | /safety | /download | /relationship-advice-for-students","/conversation-starters-dating-app | /first-message-examples-dating-app | /how-to-text-a-match | /how-to-keep-a-conversation-going | /dry-conversation-dating-app","/conversation-starters-dating-app","Link to /safety when the page discusses meeting, privacy, scams, boundaries, consent, or messaging risk.","Try The College Date","Read respectful messaging tips","One contextual CTA after the first useful section and one gentle final CTA. Avoid interrupting safety or wellbeing advice.","Respectful Flirting Tips for Students visual with Nigerian student/campus context, app-neutral composition, and no fake testimonial elements.","Respectful Flirting Tips for Students guide for Nigerian students","Article, FAQPage, BreadcrumbList","What is respectful flirting? | How should students approach respectful flirting? | What should Nigerian students know before acting on this advice?","Add a 40-60 word answer box near the top, followed by a concise checklist or table that can be cited by AI search systems.","Editorial author with Nigerian student lifestyle familiarity","Review every 6-12 months, sooner if user safety or product facts change.","Differentiate from /conversation-starters-dating-app by keeping this page focused on respectful flirting.","Follow the Editorial Handbook: educate first, avoid stereotypes, avoid fake claims, use calm student-focused language, and make the content useful without search traffic.","Add canonical self-reference, BreadcrumbList, appropriate Article/FAQ/tool schema, internal related-links block, optimized image metadata, and sitemap inclusion only when published."
"MSG-008","60","Talking Stage Meaning for Students","Talking Stage Meaning for Students","/talking-stage-meaning-students","New page","talking stage meaning","talking stage, talking stage vs situationship, talking stage guide","What is talking stage meaning? | How should students approach talking stage meaning? | What should Nigerian students know before acting on this advice? | How can The College Date help with this safely?","Informational","Awareness","High","Medium","8","8","6","5","70","Shy student","Conversations and Messaging","How-to guide or tool landing page","900-1,500 words","What should I know about talking stage meaning as a student?","Talking Stage Meaning for Students should answer the student’s main question first, then give practical Nigerian campus examples and safety-conscious next steps.","What talking stage meaning means for students | Why it matters on Nigerian campuses | Practical steps and examples | Mistakes to avoid | Safety and privacy notes | How The College Date fits naturally | FAQs","Include student-specific scenarios, Nigerian campus context where relevant, and practical examples that are not copied from generic dating advice pages.","Use examples from lectures, hostels, faculty events, resumption periods, Lagos hangouts, student budgets, campus transport, group chats, and Android-first mobile usage where natural.","Verify any factual claims about The College Date, Nigerian locations, school terms, app features, and public safety guidance.","Official app pages, Google Play listing, university resources, reputable Nigerian media, expert-reviewed relationship or safety resources.","/dating-app-for-students | /safety | /download | /relationship-advice-for-students","/conversation-starters-dating-app | /first-message-examples-dating-app | /how-to-text-a-match | /how-to-keep-a-conversation-going | /dry-conversation-dating-app","/conversation-starters-dating-app","Link to /safety when the page discusses meeting, privacy, scams, boundaries, consent, or messaging risk.","Try The College Date","Read respectful messaging tips","One contextual CTA after the first useful section and one gentle final CTA. Avoid interrupting safety or wellbeing advice.","Talking Stage Meaning for Students visual with Nigerian student/campus context, app-neutral composition, and no fake testimonial elements.","Talking Stage Meaning for Students guide for Nigerian students","Article, FAQPage, BreadcrumbList","What is talking stage meaning? | How should students approach talking stage meaning? | What should Nigerian students know before acting on this advice?","Add a 40-60 word answer box near the top, followed by a concise checklist or table that can be cited by AI search systems.","Editorial author with Nigerian student lifestyle familiarity","Review every 6-12 months, sooner if user safety or product facts change.","Differentiate from /conversation-starters-dating-app by keeping this page focused on talking stage meaning.","Follow the Editorial Handbook: educate first, avoid stereotypes, avoid fake claims, use calm student-focused language, and make the content useful without search traffic.","Add canonical self-reference, BreadcrumbList, appropriate Article/FAQ/tool schema, internal related-links block, optimized image metadata, and sitemap inclusion only when published."
"MSG-009","61","Talking Stage Questions to Ask","Talking Stage Questions to Ask","/talking-stage-questions","New page","talking stage questions","questions to ask in talking stage, talking stage conversations, get to know you questions","What is talking stage questions? | How should students approach talking stage questions? | What should Nigerian students know before acting on this advice? | How can The College Date help with this safely?","Informational","Awareness","High","Medium","8","8","7","4","70","Shy student","Conversations and Messaging","How-to guide or tool landing page","900-1,500 words","What should I know about talking stage questions as a student?","Talking Stage Questions to Ask should answer the student’s main question first, then give practical Nigerian campus examples and safety-conscious next steps.","What talking stage questions means for students | Why it matters on Nigerian campuses | Practical steps and examples | Mistakes to avoid | Safety and privacy notes | How The College Date fits naturally | FAQs","Include student-specific scenarios, Nigerian campus context where relevant, and practical examples that are not copied from generic dating advice pages.","Use examples from lectures, hostels, faculty events, resumption periods, Lagos hangouts, student budgets, campus transport, group chats, and Android-first mobile usage where natural.","Verify any factual claims about The College Date, Nigerian locations, school terms, app features, and public safety guidance.","Official app pages, Google Play listing, university resources, reputable Nigerian media, expert-reviewed relationship or safety resources.","/dating-app-for-students | /safety | /download | /relationship-advice-for-students","/conversation-starters-dating-app | /first-message-examples-dating-app | /how-to-text-a-match | /how-to-keep-a-conversation-going | /dry-conversation-dating-app","/conversation-starters-dating-app","Link to /safety when the page discusses meeting, privacy, scams, boundaries, consent, or messaging risk.","Try The College Date","Read respectful messaging tips","One contextual CTA after the first useful section and one gentle final CTA. Avoid interrupting safety or wellbeing advice.","Talking Stage Questions to Ask visual with Nigerian student/campus context, app-neutral composition, and no fake testimonial elements.","Talking Stage Questions to Ask guide for Nigerian students","Article, FAQPage, BreadcrumbList","What is talking stage questions? | How should students approach talking stage questions? | What should Nigerian students know before acting on this advice?","Add a 40-60 word answer box near the top, followed by a concise checklist or table that can be cited by AI search systems.","Editorial author with Nigerian student lifestyle familiarity","Review every 6-12 months, sooner if user safety or product facts change.","Differentiate from /conversation-starters-dating-app by keeping this page focused on talking stage questions.","Follow the Editorial Handbook: educate first, avoid stereotypes, avoid fake claims, use calm student-focused language, and make the content useful without search traffic.","Add canonical self-reference, BreadcrumbList, appropriate Article/FAQ/tool schema, internal related-links block, optimized image metadata, and sitemap inclusion only when published."
"MSG-010","62","Ghosting Meaning in Dating","Ghosting Meaning in Dating","/ghosting-meaning-dating","New page","ghosting meaning dating","what is ghosting in dating, ghosting dating term, why people ghost","What is ghosting meaning dating? | How should students approach ghosting meaning dating? | What should Nigerian students know before acting on this advice? | How can The College Date help with this safely?","Informational","Awareness","High","Medium","7","8","4","6","67","Shy student","Conversations and Messaging","How-to guide or tool landing page","900-1,500 words","What should I know about ghosting meaning dating as a student?","Ghosting Meaning in Dating should answer the student’s main question first, then give practical Nigerian campus examples and safety-conscious next steps.","What ghosting meaning dating means for students | Why it matters on Nigerian campuses | Practical steps and examples | Mistakes to avoid | Safety and privacy notes | How The College Date fits naturally | FAQs","Include student-specific scenarios, Nigerian campus context where relevant, and practical examples that are not copied from generic dating advice pages.","Use examples from lectures, hostels, faculty events, resumption periods, Lagos hangouts, student budgets, campus transport, group chats, and Android-first mobile usage where natural.","Verify any factual claims about The College Date, Nigerian locations, school terms, app features, and public safety guidance.","Official app pages, Google Play listing, university resources, reputable Nigerian media, expert-reviewed relationship or safety resources.","/dating-app-for-students | /safety | /download | /relationship-advice-for-students","/conversation-starters-dating-app | /first-message-examples-dating-app | /how-to-text-a-match | /how-to-keep-a-conversation-going | /dry-conversation-dating-app","/conversation-starters-dating-app","Link to /safety when the page discusses meeting, privacy, scams, boundaries, consent, or messaging risk.","Try The College Date","Read respectful messaging tips","One contextual CTA after the first useful section and one gentle final CTA. Avoid interrupting safety or wellbeing advice.","Ghosting Meaning in Dating visual with Nigerian student/campus context, app-neutral composition, and no fake testimonial elements.","Ghosting Meaning in Dating guide for Nigerian students","Article, FAQPage, BreadcrumbList","What is ghosting meaning dating? | How should students approach ghosting meaning dating? | What should Nigerian students know before acting on this advice?","Add a 40-60 word answer box near the top, followed by a concise checklist or table that can be cited by AI search systems.","Editorial author with Nigerian student lifestyle familiarity","Review every 6-12 months, sooner if user safety or product facts change.","Differentiate from /conversation-starters-dating-app by keeping this page focused on ghosting meaning dating.","Follow the Editorial Handbook: educate first, avoid stereotypes, avoid fake claims, use calm student-focused language, and make the content useful without search traffic.","Add canonical self-reference, BreadcrumbList, appropriate Article/FAQ/tool schema, internal related-links block, optimized image metadata, and sitemap inclusion only when published."
"MSG-011","63","How to Reply After Being Left on Read","How to Reply After Being Left on Read","/how-to-reply-after-being-left-on-read","New page","left on read reply","what to say after left on read, dating text reply, ghosted or busy","What is left on read reply? | How should students approach left on read reply? | What should Nigerian students know before acting on this advice? | How can The College Date help with this safely?","Informational","Awareness","Medium","Medium","6","7","5","5","59","Shy student","Conversations and Messaging","How-to guide or tool landing page","900-1,500 words","What should I know about left on read reply as a student?","How to Reply After Being Left on Read should answer the student’s main question first, then give practical Nigerian campus examples and safety-conscious next steps.","What left on read reply means for students | Why it matters on Nigerian campuses | Practical steps and examples | Mistakes to avoid | Safety and privacy notes | How The College Date fits naturally | FAQs","Include student-specific scenarios, Nigerian campus context where relevant, and practical examples that are not copied from generic dating advice pages.","Use examples from lectures, hostels, faculty events, resumption periods, Lagos hangouts, student budgets, campus transport, group chats, and Android-first mobile usage where natural.","Verify any factual claims about The College Date, Nigerian locations, school terms, app features, and public safety guidance.","Official app pages, Google Play listing, university resources, reputable Nigerian media, expert-reviewed relationship or safety resources.","/dating-app-for-students | /safety | /download | /relationship-advice-for-students","/conversation-starters-dating-app | /first-message-examples-dating-app | /how-to-text-a-match | /how-to-keep-a-conversation-going | /dry-conversation-dating-app","/conversation-starters-dating-app","Link to /safety when the page discusses meeting, privacy, scams, boundaries, consent, or messaging risk.","Try The College Date","Read respectful messaging tips","One contextual CTA after the first useful section and one gentle final CTA. Avoid interrupting safety or wellbeing advice.","How to Reply After Being Left on Read visual with Nigerian student/campus context, app-neutral composition, and no fake testimonial elements.","How to Reply After Being Left on Read guide for Nigerian students","Article, FAQPage, BreadcrumbList","What is left on read reply? | How should students approach left on read reply? | What should Nigerian students know before acting on this advice?","Add a 40-60 word answer box near the top, followed by a concise checklist or table that can be cited by AI search systems.","Editorial author with Nigerian student lifestyle familiarity","Review every 6-12 months, sooner if user safety or product facts change.","Differentiate from /conversation-starters-dating-app by keeping this page focused on left on read reply.","Follow the Editorial Handbook: educate first, avoid stereotypes, avoid fake claims, use calm student-focused language, and make the content useful without search traffic.","Add canonical self-reference, BreadcrumbList, appropriate Article/FAQ/tool schema, internal related-links block, optimized image metadata, and sitemap inclusion only when published."
"MSG-012","64","Conversation Boundaries on Dating Apps","Conversation Boundaries on Dating Apps","/conversation-boundaries-dating-app","New page","conversation boundaries dating app","dating app boundaries, respectful texting, online dating consent","What is conversation boundaries dating app? | How should students approach conversation boundaries dating app? | What should Nigerian students know before acting on this advice? | How can The College Date help with this safely?","Informational","Awareness","Medium","Low","7","8","5","9","71","Shy student","Conversations and Messaging","How-to guide or tool landing page","900-1,500 words","What should I know about conversation boundaries dating app as a student?","Conversation Boundaries on Dating Apps should answer the student’s main question first, then give practical Nigerian campus examples and safety-conscious next steps.","What conversation boundaries dating app means for students | Why it matters on Nigerian campuses | Practical steps and examples | Mistakes to avoid | Safety and privacy notes | How The College Date fits naturally | FAQs","Include student-specific scenarios, Nigerian campus context where relevant, and practical examples that are not copied from generic dating advice pages.","Use examples from lectures, hostels, faculty events, resumption periods, Lagos hangouts, student budgets, campus transport, group chats, and Android-first mobile usage where natural.","Verify any factual claims about The College Date, Nigerian locations, school terms, app features, and public safety guidance.","Official app pages, Google Play listing, university resources, reputable Nigerian media, expert-reviewed relationship or safety resources.","/dating-app-for-students | /safety | /download | /relationship-advice-for-students","/conversation-starters-dating-app | /first-message-examples-dating-app | /how-to-text-a-match | /how-to-keep-a-conversation-going | /dry-conversation-dating-app","/conversation-starters-dating-app","Link to /safety when the page discusses meeting, privacy, scams, boundaries, consent, or messaging risk.","Try The College Date","Read respectful messaging tips","One contextual CTA after the first useful section and one gentle final CTA. Avoid interrupting safety or wellbeing advice.","Conversation Boundaries on Dating Apps visual with Nigerian student/campus context, app-neutral composition, and no fake testimonial elements.","Conversation Boundaries on Dating Apps guide for Nigerian students","Article, FAQPage, BreadcrumbList","What is conversation boundaries dating app? | How should students approach conversation boundaries dating app? | What should Nigerian students know before acting on this advice?","Add a 40-60 word answer box near the top, followed by a concise checklist or table that can be cited by AI search systems.","Editorial author with Nigerian student lifestyle familiarity","Review every 6-12 months, sooner if user safety or product facts change.","Differentiate from /conversation-starters-dating-app by keeping this page focused on conversation boundaries dating app.","Follow the Editorial Handbook: educate first, avoid stereotypes, avoid fake claims, use calm student-focused language, and make the content useful without search traffic.","Add canonical self-reference, BreadcrumbList, appropriate Article/FAQ/tool schema, internal related-links block, optimized image metadata, and sitemap inclusion only when published."
"DATE-001","65","First Date Ideas for Students","First Date Ideas for Students","/first-date-ideas-students","New page","first date ideas students","first date ideas college students, good first date ideas, date ideas students","What is first date ideas students? | How should students approach first date ideas students? | What should Nigerian students know before acting on this advice? | How can The College Date help with this safely?","Informational","Awareness","High","Medium","9","10","8","7","79","Someone looking for a serious relationship","First Dates and Date Ideas","Guide or interactive tool landing page","900-1,500 words","What should I know about first date ideas students as a student?","First Date Ideas for Students should answer the student’s main question first, then give practical Nigerian campus examples and safety-conscious next steps.","What first date ideas students means for students | Why it matters on Nigerian campuses | Practical steps and examples | Mistakes to avoid | Safety and privacy notes | How The College Date fits naturally | FAQs","Include student-specific scenarios, Nigerian campus context where relevant, and practical examples that are not copied from generic dating advice pages.","Use examples from lectures, hostels, faculty events, resumption periods, Lagos hangouts, student budgets, campus transport, group chats, and Android-first mobile usage where natural.","Verify any factual claims about The College Date, Nigerian locations, school terms, app features, and public safety guidance.","Official app pages, Google Play listing, university resources, reputable Nigerian media, expert-reviewed relationship or safety resources.","/safety | /campus-dating | /download | /date-budget-calculator","/campus-date-ideas | /cheap-date-ideas-students | /date-budget-calculator | /first-date-planner | /first-date-questions-students","/first-date-ideas-students","Link to /safety when the page discusses meeting, privacy, scams, boundaries, consent, or messaging risk.","Plan a safe first date","Download The College Date","One contextual CTA after the first useful section and one gentle final CTA. Avoid interrupting safety or wellbeing advice.","First Date Ideas for Students visual with Nigerian student/campus context, app-neutral composition, and no fake testimonial elements.","First Date Ideas for Students guide for Nigerian students","Article, FAQPage, BreadcrumbList","What is first date ideas students? | How should students approach first date ideas students? | What should Nigerian students know before acting on this advice?","Add a 40-60 word answer box near the top, followed by a concise checklist or table that can be cited by AI search systems.","Editorial author with Nigerian student lifestyle familiarity","Review every 6-12 months, sooner if user safety or product facts change.","Differentiate from /first-date-ideas-students by keeping this page focused on first date ideas students.","Follow the Editorial Handbook: educate first, avoid stereotypes, avoid fake claims, use calm student-focused language, and make the content useful without search traffic.","Add canonical self-reference, BreadcrumbList, appropriate Article/FAQ/tool schema, internal related-links block, optimized image metadata, and sitemap inclusion only when published."
"DATE-002","66","Campus Date Ideas for Students","Campus Date Ideas for Students","/campus-date-ideas","New page","campus date ideas","date ideas on campus, student date ideas, campus dating","What is campus date ideas? | How should students approach campus date ideas? | What should Nigerian students know before acting on this advice? | How can The College Date help with this safely?","Informational","Awareness","Medium","Low","8","9","7","6","74","Someone looking for a serious relationship","First Dates and Date Ideas","Guide or interactive tool landing page","900-1,500 words","What should I know about campus date ideas as a student?","Campus Date Ideas for Students should answer the student’s main question first, then give practical Nigerian campus examples and safety-conscious next steps.","What campus date ideas means for students | Why it matters on Nigerian campuses | Practical steps and examples | Mistakes to avoid | Safety and privacy notes | How The College Date fits naturally | FAQs","Include student-specific scenarios, Nigerian campus context where relevant, and practical examples that are not copied from generic dating advice pages.","Use examples from lectures, hostels, faculty events, resumption periods, Lagos hangouts, student budgets, campus transport, group chats, and Android-first mobile usage where natural.","Verify any factual claims about The College Date, Nigerian locations, school terms, app features, and public safety guidance.","Official app pages, Google Play listing, university resources, reputable Nigerian media, expert-reviewed relationship or safety resources.","/safety | /campus-dating | /download | /date-budget-calculator","/first-date-ideas-students | /cheap-date-ideas-students | /date-budget-calculator | /first-date-planner | /first-date-questions-students","/first-date-ideas-students","Link to /safety when the page discusses meeting, privacy, scams, boundaries, consent, or messaging risk.","Plan a safe first date","Download The College Date","One contextual CTA after the first useful section and one gentle final CTA. Avoid interrupting safety or wellbeing advice.","Campus Date Ideas for Students visual with Nigerian student/campus context, app-neutral composition, and no fake testimonial elements.","Campus Date Ideas for Students guide for Nigerian students","Article, FAQPage, BreadcrumbList","What is campus date ideas? | How should students approach campus date ideas? | What should Nigerian students know before acting on this advice?","Add a 40-60 word answer box near the top, followed by a concise checklist or table that can be cited by AI search systems.","Editorial author with Nigerian student lifestyle familiarity","Review every 6-12 months, sooner if user safety or product facts change.","Differentiate from /first-date-ideas-students by keeping this page focused on campus date ideas.","Follow the Editorial Handbook: educate first, avoid stereotypes, avoid fake claims, use calm student-focused language, and make the content useful without search traffic.","Add canonical self-reference, BreadcrumbList, appropriate Article/FAQ/tool schema, internal related-links block, optimized image metadata, and sitemap inclusion only when published."
"DATE-003","67","Cheap Date Ideas for Students","Cheap Date Ideas for Students","/cheap-date-ideas-students","New page","cheap date ideas students","cheap date ideas college students, date ideas on a budget, student budget dates","What is cheap date ideas students? | How should students approach cheap date ideas students? | What should Nigerian students know before acting on this advice? | How can The College Date help with this safely?","Informational","Awareness","High","Medium","8","9","7","5","72","Someone looking for a serious relationship","First Dates and Date Ideas","Guide or interactive tool landing page","900-1,500 words","What should I know about cheap date ideas students as a student?","Cheap Date Ideas for Students should answer the student’s main question first, then give practical Nigerian campus examples and safety-conscious next steps.","What cheap date ideas students means for students | Why it matters on Nigerian campuses | Practical steps and examples | Mistakes to avoid | Safety and privacy notes | How The College Date fits naturally | FAQs","Include student-specific scenarios, Nigerian campus context where relevant, and practical examples that are not copied from generic dating advice pages.","Use examples from lectures, hostels, faculty events, resumption periods, Lagos hangouts, student budgets, campus transport, group chats, and Android-first mobile usage where natural.","Verify any factual claims about The College Date, Nigerian locations, school terms, app features, and public safety guidance.","Official app pages, Google Play listing, university resources, reputable Nigerian media, expert-reviewed relationship or safety resources.","/safety | /campus-dating | /download | /date-budget-calculator","/first-date-ideas-students | /campus-date-ideas | /date-budget-calculator | /first-date-planner | /first-date-questions-students","/first-date-ideas-students","Link to /safety when the page discusses meeting, privacy, scams, boundaries, consent, or messaging risk.","Plan a safe first date","Download The College Date","One contextual CTA after the first useful section and one gentle final CTA. Avoid interrupting safety or wellbeing advice.","Cheap Date Ideas for Students visual with Nigerian student/campus context, app-neutral composition, and no fake testimonial elements.","Cheap Date Ideas for Students guide for Nigerian students","Article, FAQPage, BreadcrumbList","What is cheap date ideas students? | How should students approach cheap date ideas students? | What should Nigerian students know before acting on this advice?","Add a 40-60 word answer box near the top, followed by a concise checklist or table that can be cited by AI search systems.","Editorial author with Nigerian student lifestyle familiarity","Review every 6-12 months, sooner if user safety or product facts change.","Differentiate from /first-date-ideas-students by keeping this page focused on cheap date ideas students.","Follow the Editorial Handbook: educate first, avoid stereotypes, avoid fake claims, use calm student-focused language, and make the content useful without search traffic.","Add canonical self-reference, BreadcrumbList, appropriate Article/FAQ/tool schema, internal related-links block, optimized image metadata, and sitemap inclusion only when published."
"DATE-004","68","Campus Date Budget Calculator","Campus Date Budget Calculator","/date-budget-calculator","New page","date budget calculator","date cost calculator, student date budget, cheap date planner","What is date budget calculator? | How should students approach date budget calculator? | What should Nigerian students know before acting on this advice? | How can The College Date help with this safely?","Mixed","Awareness","Medium","Low","9","9","9","4","76","Someone looking for a serious relationship","First Dates and Date Ideas","Guide or interactive tool landing page","600-1,000 words plus interactive tool","What should I know about date budget calculator as a student?","Campus Date Budget Calculator should explain the tool quickly, show who it helps, and guide students toward a useful result before any product CTA.","What this tool does | Who should use it | How to use it | Privacy and safety notes | Recommended next steps | Related guides | FAQs","Include student-specific scenarios, Nigerian campus context where relevant, and practical examples that are not copied from generic dating advice pages.","Use examples from lectures, hostels, faculty events, resumption periods, Lagos hangouts, student budgets, campus transport, group chats, and Android-first mobile usage where natural.","Verify any factual claims about The College Date, Nigerian locations, school terms, app features, and public safety guidance.","Official app pages, Google Play listing, university resources, reputable Nigerian media, expert-reviewed relationship or safety resources.","/safety | /campus-dating | /download | /date-budget-calculator","/first-date-ideas-students | /campus-date-ideas | /cheap-date-ideas-students | /first-date-planner | /first-date-questions-students","/first-date-ideas-students","Link to /safety when the page discusses meeting, privacy, scams, boundaries, consent, or messaging risk.","Plan a safe first date","Download The College Date","One contextual CTA after the first useful section and one gentle final CTA. Avoid interrupting safety or wellbeing advice.","Campus Date Budget Calculator visual with Nigerian student/campus context, app-neutral composition, and no fake testimonial elements.","Campus Date Budget Calculator guide for Nigerian students","SoftwareApplication, WebPage, FAQPage, BreadcrumbList","What is date budget calculator? | How should students approach date budget calculator? | What should Nigerian students know before acting on this advice?","Add a 40-60 word answer box near the top, followed by a concise checklist or table that can be cited by AI search systems.","Editorial author with Nigerian student lifestyle familiarity","Review every 6-12 months, sooner if user safety or product facts change.","Differentiate from /first-date-ideas-students by keeping this page focused on date budget calculator.","Follow the Editorial Handbook: educate first, avoid stereotypes, avoid fake claims, use calm student-focused language, and make the content useful without search traffic.","Add canonical self-reference, BreadcrumbList, appropriate Article/FAQ/tool schema, internal related-links block, optimized image metadata, and sitemap inclusion only when published."
"DATE-005","69","First Date Planner for Students","First Date Planner for Students","/first-date-planner","New page","first date planner","date planner, first date ideas, safe first date plan","What is first date planner? | How should students approach first date planner? | What should Nigerian students know before acting on this advice? | How can The College Date help with this safely?","Mixed","Awareness","Medium","Low","9","9","9","7","79","Someone looking for a serious relationship","First Dates and Date Ideas","Guide or interactive tool landing page","600-1,000 words plus interactive tool","What should I know about first date planner as a student?","First Date Planner for Students should explain the tool quickly, show who it helps, and guide students toward a useful result before any product CTA.","What this tool does | Who should use it | How to use it | Privacy and safety notes | Recommended next steps | Related guides | FAQs","Include student-specific scenarios, Nigerian campus context where relevant, and practical examples that are not copied from generic dating advice pages.","Use examples from lectures, hostels, faculty events, resumption periods, Lagos hangouts, student budgets, campus transport, group chats, and Android-first mobile usage where natural.","Verify any factual claims about The College Date, Nigerian locations, school terms, app features, and public safety guidance.","Official app pages, Google Play listing, university resources, reputable Nigerian media, expert-reviewed relationship or safety resources.","/safety | /campus-dating | /download | /date-budget-calculator","/first-date-ideas-students | /campus-date-ideas | /cheap-date-ideas-students | /date-budget-calculator | /first-date-questions-students","/first-date-ideas-students","Link to /safety when the page discusses meeting, privacy, scams, boundaries, consent, or messaging risk.","Plan a safe first date","Download The College Date","One contextual CTA after the first useful section and one gentle final CTA. Avoid interrupting safety or wellbeing advice.","First Date Planner for Students visual with Nigerian student/campus context, app-neutral composition, and no fake testimonial elements.","First Date Planner for Students guide for Nigerian students","Article, FAQPage, BreadcrumbList","What is first date planner? | How should students approach first date planner? | What should Nigerian students know before acting on this advice?","Add a 40-60 word answer box near the top, followed by a concise checklist or table that can be cited by AI search systems.","Editorial author with Nigerian student lifestyle familiarity","Review every 6-12 months, sooner if user safety or product facts change.","Differentiate from /first-date-ideas-students by keeping this page focused on first date planner.","Follow the Editorial Handbook: educate first, avoid stereotypes, avoid fake claims, use calm student-focused language, and make the content useful without search traffic.","Add canonical self-reference, BreadcrumbList, appropriate Article/FAQ/tool schema, internal related-links block, optimized image metadata, and sitemap inclusion only when published."
"DATE-006","70","First Date Questions for Students","First Date Questions for Students","/first-date-questions-students","New page","first date questions","first date questions to ask, questions for first date, student first date","What is first date questions? | How should students approach first date questions? | What should Nigerian students know before acting on this advice? | How can The College Date help with this safely?","Informational","Awareness","Very High","High","8","9","7","5","72","Someone looking for a serious relationship","First Dates and Date Ideas","Guide or interactive tool landing page","900-1,500 words","What should I know about first date questions as a student?","First Date Questions for Students should answer the student’s main question first, then give practical Nigerian campus examples and safety-conscious next steps.","What first date questions means for students | Why it matters on Nigerian campuses | Practical steps and examples | Mistakes to avoid | Safety and privacy notes | How The College Date fits naturally | FAQs","Include student-specific scenarios, Nigerian campus context where relevant, and practical examples that are not copied from generic dating advice pages.","Use examples from lectures, hostels, faculty events, resumption periods, Lagos hangouts, student budgets, campus transport, group chats, and Android-first mobile usage where natural.","Verify any factual claims about The College Date, Nigerian locations, school terms, app features, and public safety guidance.","Official app pages, Google Play listing, university resources, reputable Nigerian media, expert-reviewed relationship or safety resources.","/safety | /campus-dating | /download | /date-budget-calculator","/first-date-ideas-students | /campus-date-ideas | /cheap-date-ideas-students | /date-budget-calculator | /first-date-planner","/first-date-ideas-students","Link to /safety when the page discusses meeting, privacy, scams, boundaries, consent, or messaging risk.","Plan a safe first date","Download The College Date","One contextual CTA after the first useful section and one gentle final CTA. Avoid interrupting safety or wellbeing advice.","First Date Questions for Students visual with Nigerian student/campus context, app-neutral composition, and no fake testimonial elements.","First Date Questions for Students guide for Nigerian students","Article, FAQPage, BreadcrumbList","What is first date questions? | How should students approach first date questions? | What should Nigerian students know before acting on this advice?","Add a 40-60 word answer box near the top, followed by a concise checklist or table that can be cited by AI search systems.","Editorial author with Nigerian student lifestyle familiarity","Review every 6-12 months, sooner if user safety or product facts change.","Differentiate from /first-date-ideas-students by keeping this page focused on first date questions.","Follow the Editorial Handbook: educate first, avoid stereotypes, avoid fake claims, use calm student-focused language, and make the content useful without search traffic.","Add canonical self-reference, BreadcrumbList, appropriate Article/FAQ/tool schema, internal related-links block, optimized image metadata, and sitemap inclusion only when published."
"DATE-007","71","What to Wear on a First Date as a Student","What to Wear on a First Date as a Student","/what-to-wear-on-a-first-date-students","New page","what to wear on first date","first date outfit students, what to wear on a date, casual date outfit","What is what to wear on first date? | How should students approach what to wear on first date? | What should Nigerian students know before acting on this advice? | How can The College Date help with this safely?","Informational","Awareness","Very High","High","7","7","6","3","64","Someone looking for a serious relationship","First Dates and Date Ideas","Guide or interactive tool landing page","900-1,500 words","What should I know about what to wear on first date as a student?","What to Wear on a First Date as a Student should answer the student’s main question first, then give practical Nigerian campus examples and safety-conscious next steps.","What what to wear on first date means for students | Why it matters on Nigerian campuses | Practical steps and examples | Mistakes to avoid | Safety and privacy notes | How The College Date fits naturally | FAQs","Include student-specific scenarios, Nigerian campus context where relevant, and practical examples that are not copied from generic dating advice pages.","Use examples from lectures, hostels, faculty events, resumption periods, Lagos hangouts, student budgets, campus transport, group chats, and Android-first mobile usage where natural.","Verify any factual claims about The College Date, Nigerian locations, school terms, app features, and public safety guidance.","Official app pages, Google Play listing, university resources, reputable Nigerian media, expert-reviewed relationship or safety resources.","/safety | /campus-dating | /download | /date-budget-calculator","/first-date-ideas-students | /campus-date-ideas | /cheap-date-ideas-students | /date-budget-calculator | /first-date-planner","/first-date-ideas-students","Link to /safety when the page discusses meeting, privacy, scams, boundaries, consent, or messaging risk.","Plan a safe first date","Download The College Date","One contextual CTA after the first useful section and one gentle final CTA. Avoid interrupting safety or wellbeing advice.","What to Wear on a First Date as a Student visual with Nigerian student/campus context, app-neutral composition, and no fake testimonial elements.","What to Wear on a First Date as a Student guide for Nigerian students","Article, FAQPage, BreadcrumbList","What is what to wear on first date? | How should students approach what to wear on first date? | What should Nigerian students know before acting on this advice?","Add a 40-60 word answer box near the top, followed by a concise checklist or table that can be cited by AI search systems.","Editorial author with Nigerian student lifestyle familiarity","Review every 6-12 months, sooner if user safety or product facts change.","Differentiate from /first-date-ideas-students by keeping this page focused on what to wear on first date.","Follow the Editorial Handbook: educate first, avoid stereotypes, avoid fake claims, use calm student-focused language, and make the content useful without search traffic.","Add canonical self-reference, BreadcrumbList, appropriate Article/FAQ/tool schema, internal related-links block, optimized image metadata, and sitemap inclusion only when published."
"DATE-008","72","Where to Go on a Date in Lagos as a Student","Where to Go on a Date in Lagos as a Student","/where-to-go-on-a-date-in-lagos-students","New page","where to go on a date in Lagos","Lagos date ideas, student date ideas Lagos, affordable dates Lagos","What is where to go on a date in Lagos? | How should students approach where to go on a date in Lagos? | What should Nigerian students know before acting on this advice? | How can The College Date help with this safely?","Informational","Awareness","High","Medium","8","8","7","6","72","Someone looking for a serious relationship","First Dates and Date Ideas","Guide or interactive tool landing page","900-1,500 words","What should I know about where to go on a date in Lagos as a student?","Where to Go on a Date in Lagos as a Student should answer the student’s main question first, then give practical Nigerian campus examples and safety-conscious next steps.","What where to go on a date in Lagos means for students | Why it matters on Nigerian campuses | Practical steps and examples | Mistakes to avoid | Safety and privacy notes | How The College Date fits naturally | FAQs","Include student-specific scenarios, Nigerian campus context where relevant, and practical examples that are not copied from generic dating advice pages.","Use examples from lectures, hostels, faculty events, resumption periods, Lagos hangouts, student budgets, campus transport, group chats, and Android-first mobile usage where natural.","Verify any factual claims about The College Date, Nigerian locations, school terms, app features, and public safety guidance.","Official app pages, Google Play listing, university resources, reputable Nigerian media, expert-reviewed relationship or safety resources.","/safety | /campus-dating | /download | /date-budget-calculator","/first-date-ideas-students | /campus-date-ideas | /cheap-date-ideas-students | /date-budget-calculator | /first-date-planner","/first-date-ideas-students","Link to /safety when the page discusses meeting, privacy, scams, boundaries, consent, or messaging risk.","Plan a safe first date","Download The College Date","One contextual CTA after the first useful section and one gentle final CTA. Avoid interrupting safety or wellbeing advice.","Where to Go on a Date in Lagos as a Student visual with Nigerian student/campus context, app-neutral composition, and no fake testimonial elements.","Where to Go on a Date in Lagos as a Student guide for Nigerian students","Article, FAQPage, BreadcrumbList","What is where to go on a date in Lagos? | How should students approach where to go on a date in Lagos? | What should Nigerian students know before acting on this advice?","Add a 40-60 word answer box near the top, followed by a concise checklist or table that can be cited by AI search systems.","Editorial author with Nigerian student lifestyle familiarity","Review every 6-12 months, sooner if user safety or product facts change.","Differentiate from /first-date-ideas-students by keeping this page focused on where to go on a date in Lagos.","Follow the Editorial Handbook: educate first, avoid stereotypes, avoid fake claims, use calm student-focused language, and make the content useful without search traffic.","Add canonical self-reference, BreadcrumbList, appropriate Article/FAQ/tool schema, internal related-links block, optimized image metadata, and sitemap inclusion only when published."
"DATE-009","73","Rainy-Day Date Ideas for Students","Rainy-Day Date Ideas for Students","/rainy-day-date-ideas-students","New page","rainy day date ideas students","indoor date ideas, rainy day dates, student date ideas","What is rainy day date ideas students? | How should students approach rainy day date ideas students? | What should Nigerian students know before acting on this advice? | How can The College Date help with this safely?","Informational","Awareness","Medium","Medium","6","7","5","4","58","Someone looking for a serious relationship","First Dates and Date Ideas","Guide or interactive tool landing page","900-1,500 words","What should I know about rainy day date ideas students as a student?","Rainy-Day Date Ideas for Students should answer the student’s main question first, then give practical Nigerian campus examples and safety-conscious next steps.","What rainy day date ideas students means for students | Why it matters on Nigerian campuses | Practical steps and examples | Mistakes to avoid | Safety and privacy notes | How The College Date fits naturally | FAQs","Include student-specific scenarios, Nigerian campus context where relevant, and practical examples that are not copied from generic dating advice pages.","Use examples from lectures, hostels, faculty events, resumption periods, Lagos hangouts, student budgets, campus transport, group chats, and Android-first mobile usage where natural.","Verify any factual claims about The College Date, Nigerian locations, school terms, app features, and public safety guidance.","Official app pages, Google Play listing, university resources, reputable Nigerian media, expert-reviewed relationship or safety resources.","/safety | /campus-dating | /download | /date-budget-calculator","/first-date-ideas-students | /campus-date-ideas | /cheap-date-ideas-students | /date-budget-calculator | /first-date-planner","/first-date-ideas-students","Link to /safety when the page discusses meeting, privacy, scams, boundaries, consent, or messaging risk.","Plan a safe first date","Download The College Date","One contextual CTA after the first useful section and one gentle final CTA. Avoid interrupting safety or wellbeing advice.","Rainy-Day Date Ideas for Students visual with Nigerian student/campus context, app-neutral composition, and no fake testimonial elements.","Rainy-Day Date Ideas for Students guide for Nigerian students","Article, FAQPage, BreadcrumbList","What is rainy day date ideas students? | How should students approach rainy day date ideas students? | What should Nigerian students know before acting on this advice?","Add a 40-60 word answer box near the top, followed by a concise checklist or table that can be cited by AI search systems.","Editorial author with Nigerian student lifestyle familiarity","Review every 6-12 months, sooner if user safety or product facts change.","Differentiate from /first-date-ideas-students by keeping this page focused on rainy day date ideas students.","Follow the Editorial Handbook: educate first, avoid stereotypes, avoid fake claims, use calm student-focused language, and make the content useful without search traffic.","Add canonical self-reference, BreadcrumbList, appropriate Article/FAQ/tool schema, internal related-links block, optimized image metadata, and sitemap inclusion only when published."
"DATE-010","74","After the First Date: What Should Students Do Next?","After the First Date: What Should Students Do Next?","/after-first-date-what-next","New page","after first date what next","what to text after first date, second date advice, first date follow up","What is after first date what next? | How should students approach after first date what next? | What should Nigerian students know before acting on this advice? | How can The College Date help with this safely?","Informational","Awareness","High","Medium","7","8","6","5","68","Someone looking for a serious relationship","First Dates and Date Ideas","Guide or interactive tool landing page","900-1,500 words","What should I know about after first date what next as a student?","After the First Date: What Should Students Do Next? should answer the student’s main question first, then give practical Nigerian campus examples and safety-conscious next steps.","What after first date what next means for students | Why it matters on Nigerian campuses | Practical steps and examples | Mistakes to avoid | Safety and privacy notes | How The College Date fits naturally | FAQs","Include student-specific scenarios, Nigerian campus context where relevant, and practical examples that are not copied from generic dating advice pages.","Use examples from lectures, hostels, faculty events, resumption periods, Lagos hangouts, student budgets, campus transport, group chats, and Android-first mobile usage where natural.","Verify any factual claims about The College Date, Nigerian locations, school terms, app features, and public safety guidance.","Official app pages, Google Play listing, university resources, reputable Nigerian media, expert-reviewed relationship or safety resources.","/safety | /campus-dating | /download | /date-budget-calculator","/first-date-ideas-students | /campus-date-ideas | /cheap-date-ideas-students | /date-budget-calculator | /first-date-planner","/first-date-ideas-students","Link to /safety when the page discusses meeting, privacy, scams, boundaries, consent, or messaging risk.","Plan a safe first date","Download The College Date","One contextual CTA after the first useful section and one gentle final CTA. Avoid interrupting safety or wellbeing advice.","After the First Date: What Should Students Do Next? visual with Nigerian student/campus context, app-neutral composition, and no fake testimonial elements.","After the First Date: What Should Students Do Next? guide for Nigerian students","Article, FAQPage, BreadcrumbList","What is after first date what next? | How should students approach after first date what next? | What should Nigerian students know before acting on this advice?","Add a 40-60 word answer box near the top, followed by a concise checklist or table that can be cited by AI search systems.","Editorial author with Nigerian student lifestyle familiarity","Review every 6-12 months, sooner if user safety or product facts change.","Differentiate from /first-date-ideas-students by keeping this page focused on after first date what next.","Follow the Editorial Handbook: educate first, avoid stereotypes, avoid fake claims, use calm student-focused language, and make the content useful without search traffic.","Add canonical self-reference, BreadcrumbList, appropriate Article/FAQ/tool schema, internal related-links block, optimized image metadata, and sitemap inclusion only when published."
"REL-001","75","Relationship Advice for Students","Relationship Advice for Students","/relationship-advice-for-students","New page","relationship advice for students","relationship advice college students, dating advice for college students, student relationships","What is relationship advice for students? | How should students approach relationship advice for students? | What should Nigerian students know before acting on this advice? | How can The College Date help with this safely?","Informational","Awareness","High","Medium","8","10","6","7","75","Someone looking for a serious relationship","Healthy Relationships","Relationship advice guide or quiz landing page","900-1,500 words","What should I know about relationship advice for students as a student?","Relationship Advice for Students should answer the student’s main question first, then give practical Nigerian campus examples and safety-conscious next steps.","What relationship advice for students means for students | Why it matters on Nigerian campuses | Practical steps and examples | Mistakes to avoid | Safety and privacy notes | How The College Date fits naturally | FAQs","Include student-specific scenarios, Nigerian campus context where relevant, and practical examples that are not copied from generic dating advice pages.","Use examples from lectures, hostels, faculty events, resumption periods, Lagos hangouts, student budgets, campus transport, group chats, and Android-first mobile usage where natural.","Verify any factual claims about The College Date, Nigerian locations, school terms, app features, and public safety guidance.","Official app pages, Google Play listing, university resources, reputable Nigerian media, expert-reviewed relationship or safety resources.","/safety | /student-dating | /communication-in-relationships-students | /download","/green-flags-in-a-relationship-students | /green-flag-checklist | /relationship-boundaries-students | /communication-in-relationships-students | /trust-in-student-relationships","/relationship-advice-for-students","Link to /safety when the page discusses meeting, privacy, scams, boundaries, consent, or messaging risk.","Explore student dating","Read safety guidance","One contextual CTA after the first useful section and one gentle final CTA. Avoid interrupting safety or wellbeing advice.","Relationship Advice for Students visual with Nigerian student/campus context, app-neutral composition, and no fake testimonial elements.","Relationship Advice for Students guide for Nigerian students","Article, FAQPage, BreadcrumbList","What is relationship advice for students? | How should students approach relationship advice for students? | What should Nigerian students know before acting on this advice?","Add a 40-60 word answer box near the top, followed by a concise checklist or table that can be cited by AI search systems.","Editorial author with Nigerian student lifestyle familiarity","Review every 6-12 months, sooner if user safety or product facts change.","Differentiate from /relationship-advice-for-students by keeping this page focused on relationship advice for students.","Follow the Editorial Handbook: educate first, avoid stereotypes, avoid fake claims, use calm student-focused language, and make the content useful without search traffic.","Add canonical self-reference, BreadcrumbList, appropriate Article/FAQ/tool schema, internal related-links block, optimized image metadata, and sitemap inclusion only when published."
"REL-002","76","Green Flags in a Relationship for Students","Green Flags in a Relationship for Students","/green-flags-in-a-relationship-students","New page","green flags in a relationship","green flags relationship examples, healthy relationship signs, student relationships","What is green flags in a relationship? | How should students approach green flags in a relationship? | What should Nigerian students know before acting on this advice? | How can The College Date help with this safely?","Informational","Awareness","High","High","7","9","5","7","66","Someone looking for a serious relationship","Healthy Relationships","Relationship advice guide or quiz landing page","900-1,500 words","What should I know about green flags in a relationship as a student?","Green Flags in a Relationship for Students should answer the student’s main question first, then give practical Nigerian campus examples and safety-conscious next steps.","What green flags in a relationship means for students | Why it matters on Nigerian campuses | Practical steps and examples | Mistakes to avoid | Safety and privacy notes | How The College Date fits naturally | FAQs","Include student-specific scenarios, Nigerian campus context where relevant, and practical examples that are not copied from generic dating advice pages.","Use examples from lectures, hostels, faculty events, resumption periods, Lagos hangouts, student budgets, campus transport, group chats, and Android-first mobile usage where natural.","Verify any factual claims about The College Date, Nigerian locations, school terms, app features, and public safety guidance.","Official app pages, Google Play listing, university resources, reputable Nigerian media, expert-reviewed relationship or safety resources.","/safety | /student-dating | /communication-in-relationships-students | /download","/relationship-advice-for-students | /green-flag-checklist | /relationship-boundaries-students | /communication-in-relationships-students | /trust-in-student-relationships","/relationship-advice-for-students","Link to /safety when the page discusses meeting, privacy, scams, boundaries, consent, or messaging risk.","Explore student dating","Read safety guidance","One contextual CTA after the first useful section and one gentle final CTA. Avoid interrupting safety or wellbeing advice.","Green Flags in a Relationship for Students visual with Nigerian student/campus context, app-neutral composition, and no fake testimonial elements.","Green Flags in a Relationship for Students guide for Nigerian students","Article, FAQPage, BreadcrumbList","What is green flags in a relationship? | How should students approach green flags in a relationship? | What should Nigerian students know before acting on this advice?","Add a 40-60 word answer box near the top, followed by a concise checklist or table that can be cited by AI search systems.","Editorial author with Nigerian student lifestyle familiarity","Review every 6-12 months, sooner if user safety or product facts change.","Differentiate from /relationship-advice-for-students by keeping this page focused on green flags in a relationship.","Follow the Editorial Handbook: educate first, avoid stereotypes, avoid fake claims, use calm student-focused language, and make the content useful without search traffic.","Add canonical self-reference, BreadcrumbList, appropriate Article/FAQ/tool schema, internal related-links block, optimized image metadata, and sitemap inclusion only when published."
"REL-003","77","Green Flag Checklist for Healthy Relationships","Green Flag Checklist for Healthy Relationships","/green-flag-checklist","New page","green flag checklist","healthy relationship checklist, green flags list, relationship checklist","What is green flag checklist? | How should students approach green flag checklist? | What should Nigerian students know before acting on this advice? | How can The College Date help with this safely?","Mixed","Awareness","Medium","Medium","8","9","6","7","69","Someone looking for a serious relationship","Healthy Relationships","Relationship advice guide or quiz landing page","600-1,000 words plus interactive tool","What should I know about green flag checklist as a student?","Green Flag Checklist for Healthy Relationships should explain the tool quickly, show who it helps, and guide students toward a useful result before any product CTA.","What this tool does | Who should use it | How to use it | Privacy and safety notes | Recommended next steps | Related guides | FAQs","Include student-specific scenarios, Nigerian campus context where relevant, and practical examples that are not copied from generic dating advice pages.","Use examples from lectures, hostels, faculty events, resumption periods, Lagos hangouts, student budgets, campus transport, group chats, and Android-first mobile usage where natural.","Verify any factual claims about The College Date, Nigerian locations, school terms, app features, and public safety guidance.","Official app pages, Google Play listing, university resources, reputable Nigerian media, expert-reviewed relationship or safety resources.","/safety | /student-dating | /communication-in-relationships-students | /download","/relationship-advice-for-students | /green-flags-in-a-relationship-students | /relationship-boundaries-students | /communication-in-relationships-students | /trust-in-student-relationships","/relationship-advice-for-students","Link to /safety when the page discusses meeting, privacy, scams, boundaries, consent, or messaging risk.","Explore student dating","Read safety guidance","One contextual CTA after the first useful section and one gentle final CTA. Avoid interrupting safety or wellbeing advice.","Green Flag Checklist for Healthy Relationships visual with Nigerian student/campus context, app-neutral composition, and no fake testimonial elements.","Green Flag Checklist for Healthy Relationships guide for Nigerian students","Article, FAQPage, BreadcrumbList","What is green flag checklist? | How should students approach green flag checklist? | What should Nigerian students know before acting on this advice?","Add a 40-60 word answer box near the top, followed by a concise checklist or table that can be cited by AI search systems.","Editorial author with Nigerian student lifestyle familiarity","Review every 6-12 months, sooner if user safety or product facts change.","Differentiate from /relationship-advice-for-students by keeping this page focused on green flag checklist.","Follow the Editorial Handbook: educate first, avoid stereotypes, avoid fake claims, use calm student-focused language, and make the content useful without search traffic.","Add canonical self-reference, BreadcrumbList, appropriate Article/FAQ/tool schema, internal related-links block, optimized image metadata, and sitemap inclusion only when published."
"REL-004","78","Relationship Boundaries for Students","Relationship Boundaries for Students","/relationship-boundaries-students","New page","relationship boundaries","relationship boundaries examples, dating boundaries, student relationship boundaries","What is relationship boundaries? | How should students approach relationship boundaries? | What should Nigerian students know before acting on this advice? | How can The College Date help with this safely?","Informational","Awareness","Very High","High","8","10","5","9","75","Someone looking for a serious relationship","Healthy Relationships","Relationship advice guide or quiz landing page","900-1,500 words","What should I know about relationship boundaries as a student?","Relationship Boundaries for Students should answer the student’s main question first, then give practical Nigerian campus examples and safety-conscious next steps.","What relationship boundaries means for students | Why it matters on Nigerian campuses | Practical steps and examples | Mistakes to avoid | Safety and privacy notes | How The College Date fits naturally | FAQs","Include student-specific scenarios, Nigerian campus context where relevant, and practical examples that are not copied from generic dating advice pages.","Use examples from lectures, hostels, faculty events, resumption periods, Lagos hangouts, student budgets, campus transport, group chats, and Android-first mobile usage where natural.","Verify any factual claims about The College Date, Nigerian locations, school terms, app features, and public safety guidance.","Official app pages, Google Play listing, university resources, reputable Nigerian media, expert-reviewed relationship or safety resources.","/safety | /student-dating | /communication-in-relationships-students | /download","/relationship-advice-for-students | /green-flags-in-a-relationship-students | /green-flag-checklist | /communication-in-relationships-students | /trust-in-student-relationships","/relationship-advice-for-students","Link to /safety when the page discusses meeting, privacy, scams, boundaries, consent, or messaging risk.","Explore student dating","Read safety guidance","One contextual CTA after the first useful section and one gentle final CTA. Avoid interrupting safety or wellbeing advice.","Relationship Boundaries for Students visual with Nigerian student/campus context, app-neutral composition, and no fake testimonial elements.","Relationship Boundaries for Students guide for Nigerian students","Article, FAQPage, BreadcrumbList","What is relationship boundaries? | How should students approach relationship boundaries? | What should Nigerian students know before acting on this advice?","Add a 40-60 word answer box near the top, followed by a concise checklist or table that can be cited by AI search systems.","Editorial author with Nigerian student lifestyle familiarity","Review every 6-12 months, sooner if user safety or product facts change.","Differentiate from /relationship-advice-for-students by keeping this page focused on relationship boundaries.","Follow the Editorial Handbook: educate first, avoid stereotypes, avoid fake claims, use calm student-focused language, and make the content useful without search traffic.","Add canonical self-reference, BreadcrumbList, appropriate Article/FAQ/tool schema, internal related-links block, optimized image metadata, and sitemap inclusion only when published."
"REL-005","79","Communication in Relationships for Students","Communication in Relationships for Students","/communication-in-relationships-students","New page","communication in relationships","relationship communication, student relationship advice, how to communicate","What is communication in relationships? | How should students approach communication in relationships? | What should Nigerian students know before acting on this advice? | How can The College Date help with this safely?","Informational","Awareness","High","High","7","9","5","6","65","Someone looking for a serious relationship","Healthy Relationships","Relationship advice guide or quiz landing page","900-1,500 words","What should I know about communication in relationships as a student?","Communication in Relationships for Students should answer the student’s main question first, then give practical Nigerian campus examples and safety-conscious next steps.","What communication in relationships means for students | Why it matters on Nigerian campuses | Practical steps and examples | Mistakes to avoid | Safety and privacy notes | How The College Date fits naturally | FAQs","Include student-specific scenarios, Nigerian campus context where relevant, and practical examples that are not copied from generic dating advice pages.","Use examples from lectures, hostels, faculty events, resumption periods, Lagos hangouts, student budgets, campus transport, group chats, and Android-first mobile usage where natural.","Verify any factual claims about The College Date, Nigerian locations, school terms, app features, and public safety guidance.","Official app pages, Google Play listing, university resources, reputable Nigerian media, expert-reviewed relationship or safety resources.","/safety | /student-dating | /communication-in-relationships-students | /download","/relationship-advice-for-students | /green-flags-in-a-relationship-students | /green-flag-checklist | /relationship-boundaries-students | /trust-in-student-relationships","/relationship-advice-for-students","Link to /safety when the page discusses meeting, privacy, scams, boundaries, consent, or messaging risk.","Explore student dating","Read safety guidance","One contextual CTA after the first useful section and one gentle final CTA. Avoid interrupting safety or wellbeing advice.","Communication in Relationships for Students visual with Nigerian student/campus context, app-neutral composition, and no fake testimonial elements.","Communication in Relationships for Students guide for Nigerian students","Article, FAQPage, BreadcrumbList","What is communication in relationships? | How should students approach communication in relationships? | What should Nigerian students know before acting on this advice?","Add a 40-60 word answer box near the top, followed by a concise checklist or table that can be cited by AI search systems.","Editorial author with Nigerian student lifestyle familiarity","Review every 6-12 months, sooner if user safety or product facts change.","Differentiate from /relationship-advice-for-students by keeping this page focused on communication in relationships.","Follow the Editorial Handbook: educate first, avoid stereotypes, avoid fake claims, use calm student-focused language, and make the content useful without search traffic.","Add canonical self-reference, BreadcrumbList, appropriate Article/FAQ/tool schema, internal related-links block, optimized image metadata, and sitemap inclusion only when published."
"REL-006","80","Trust in Student Relationships","Trust in Student Relationships","/trust-in-student-relationships","New page","trust in relationships","building trust, student relationships, healthy relationship trust","What is trust in relationships? | How should students approach trust in relationships? | What should Nigerian students know before acting on this advice? | How can The College Date help with this safely?","Informational","Awareness","Medium","Medium","7","8","5","6","64","Someone looking for a serious relationship","Healthy Relationships","Relationship advice guide or quiz landing page","900-1,500 words","What should I know about trust in relationships as a student?","Trust in Student Relationships should answer the student’s main question first, then give practical Nigerian campus examples and safety-conscious next steps.","What trust in relationships means for students | Why it matters on Nigerian campuses | Practical steps and examples | Mistakes to avoid | Safety and privacy notes | How The College Date fits naturally | FAQs","Include student-specific scenarios, Nigerian campus context where relevant, and practical examples that are not copied from generic dating advice pages.","Use examples from lectures, hostels, faculty events, resumption periods, Lagos hangouts, student budgets, campus transport, group chats, and Android-first mobile usage where natural.","Verify any factual claims about The College Date, Nigerian locations, school terms, app features, and public safety guidance.","Official app pages, Google Play listing, university resources, reputable Nigerian media, expert-reviewed relationship or safety resources.","/safety | /student-dating | /communication-in-relationships-students | /download","/relationship-advice-for-students | /green-flags-in-a-relationship-students | /green-flag-checklist | /relationship-boundaries-students | /communication-in-relationships-students","/relationship-advice-for-students","Link to /safety when the page discusses meeting, privacy, scams, boundaries, consent, or messaging risk.","Explore student dating","Read safety guidance","One contextual CTA after the first useful section and one gentle final CTA. Avoid interrupting safety or wellbeing advice.","Trust in Student Relationships visual with Nigerian student/campus context, app-neutral composition, and no fake testimonial elements.","Trust in Student Relationships guide for Nigerian students","Article, FAQPage, BreadcrumbList","What is trust in relationships? | How should students approach trust in relationships? | What should Nigerian students know before acting on this advice?","Add a 40-60 word answer box near the top, followed by a concise checklist or table that can be cited by AI search systems.","Editorial author with Nigerian student lifestyle familiarity","Review every 6-12 months, sooner if user safety or product facts change.","Differentiate from /relationship-advice-for-students by keeping this page focused on trust in relationships.","Follow the Editorial Handbook: educate first, avoid stereotypes, avoid fake claims, use calm student-focused language, and make the content useful without search traffic.","Add canonical self-reference, BreadcrumbList, appropriate Article/FAQ/tool schema, internal related-links block, optimized image metadata, and sitemap inclusion only when published."
"REL-007","81","Jealousy in Student Relationships","Jealousy in Student Relationships","/jealousy-in-student-relationships","New page","jealousy in relationship","relationship jealousy, jealousy examples, healthy jealousy","What is jealousy in relationship? | How should students approach jealousy in relationship? | What should Nigerian students know before acting on this advice? | How can The College Date help with this safely?","Informational","Awareness","High","High","6","8","4","7","61","Someone looking for a serious relationship","Healthy Relationships","Relationship advice guide or quiz landing page","900-1,500 words","What should I know about jealousy in relationship as a student?","Jealousy in Student Relationships should answer the student’s main question first, then give practical Nigerian campus examples and safety-conscious next steps.","What jealousy in relationship means for students | Why it matters on Nigerian campuses | Practical steps and examples | Mistakes to avoid | Safety and privacy notes | How The College Date fits naturally | FAQs","Include student-specific scenarios, Nigerian campus context where relevant, and practical examples that are not copied from generic dating advice pages.","Use examples from lectures, hostels, faculty events, resumption periods, Lagos hangouts, student budgets, campus transport, group chats, and Android-first mobile usage where natural.","Verify any factual claims about The College Date, Nigerian locations, school terms, app features, and public safety guidance.","Official app pages, Google Play listing, university resources, reputable Nigerian media, expert-reviewed relationship or safety resources.","/safety | /student-dating | /communication-in-relationships-students | /download","/relationship-advice-for-students | /green-flags-in-a-relationship-students | /green-flag-checklist | /relationship-boundaries-students | /communication-in-relationships-students","/relationship-advice-for-students","Link to /safety when the page discusses meeting, privacy, scams, boundaries, consent, or messaging risk.","Explore student dating","Read safety guidance","One contextual CTA after the first useful section and one gentle final CTA. Avoid interrupting safety or wellbeing advice.","Jealousy in Student Relationships visual with Nigerian student/campus context, app-neutral composition, and no fake testimonial elements.","Jealousy in Student Relationships guide for Nigerian students","Article, FAQPage, BreadcrumbList","What is jealousy in relationship? | How should students approach jealousy in relationship? | What should Nigerian students know before acting on this advice?","Add a 40-60 word answer box near the top, followed by a concise checklist or table that can be cited by AI search systems.","Editorial author with Nigerian student lifestyle familiarity","Review every 6-12 months, sooner if user safety or product facts change.","Differentiate from /relationship-advice-for-students by keeping this page focused on jealousy in relationship.","Follow the Editorial Handbook: educate first, avoid stereotypes, avoid fake claims, use calm student-focused language, and make the content useful without search traffic.","Add canonical self-reference, BreadcrumbList, appropriate Article/FAQ/tool schema, internal related-links block, optimized image metadata, and sitemap inclusion only when published."
"REL-008","82","Conflict Resolution for Student Relationships","Conflict Resolution for Student Relationships","/conflict-resolution-relationships-students","New page","conflict resolution relationships","relationship conflict, argument in relationship, communication conflict","What is conflict resolution relationships? | How should students approach conflict resolution relationships? | What should Nigerian students know before acting on this advice? | How can The College Date help with this safely?","Informational","Awareness","Medium","Medium","6","8","4","6","61","Someone looking for a serious relationship","Healthy Relationships","Relationship advice guide or quiz landing page","900-1,500 words","What should I know about conflict resolution relationships as a student?","Conflict Resolution for Student Relationships should answer the student’s main question first, then give practical Nigerian campus examples and safety-conscious next steps.","What conflict resolution relationships means for students | Why it matters on Nigerian campuses | Practical steps and examples | Mistakes to avoid | Safety and privacy notes | How The College Date fits naturally | FAQs","Include student-specific scenarios, Nigerian campus context where relevant, and practical examples that are not copied from generic dating advice pages.","Use examples from lectures, hostels, faculty events, resumption periods, Lagos hangouts, student budgets, campus transport, group chats, and Android-first mobile usage where natural.","Verify any factual claims about The College Date, Nigerian locations, school terms, app features, and public safety guidance.","Official app pages, Google Play listing, university resources, reputable Nigerian media, expert-reviewed relationship or safety resources.","/safety | /student-dating | /communication-in-relationships-students | /download","/relationship-advice-for-students | /green-flags-in-a-relationship-students | /green-flag-checklist | /relationship-boundaries-students | /communication-in-relationships-students","/relationship-advice-for-students","Link to /safety when the page discusses meeting, privacy, scams, boundaries, consent, or messaging risk.","Explore student dating","Read safety guidance","One contextual CTA after the first useful section and one gentle final CTA. Avoid interrupting safety or wellbeing advice.","Conflict Resolution for Student Relationships visual with Nigerian student/campus context, app-neutral composition, and no fake testimonial elements.","Conflict Resolution for Student Relationships guide for Nigerian students","Article, FAQPage, BreadcrumbList","What is conflict resolution relationships? | How should students approach conflict resolution relationships? | What should Nigerian students know before acting on this advice?","Add a 40-60 word answer box near the top, followed by a concise checklist or table that can be cited by AI search systems.","Editorial author with Nigerian student lifestyle familiarity","Review every 6-12 months, sooner if user safety or product facts change.","Differentiate from /relationship-advice-for-students by keeping this page focused on conflict resolution relationships.","Follow the Editorial Handbook: educate first, avoid stereotypes, avoid fake claims, use calm student-focused language, and make the content useful without search traffic.","Add canonical self-reference, BreadcrumbList, appropriate Article/FAQ/tool schema, internal related-links block, optimized image metadata, and sitemap inclusion only when published."
"REL-009","83","Emotional Maturity in Relationships","Emotional Maturity in Relationships","/emotional-maturity-in-relationships","New page","emotional maturity in relationships","mature relationship signs, emotional intelligence dating, student relationships","What is emotional maturity in relationships? | How should students approach emotional maturity in relationships? | What should Nigerian students know before acting on this advice? | How can The College Date help with this safely?","Informational","Awareness","Medium","Medium","6","8","4","6","61","Someone looking for a serious relationship","Healthy Relationships","Relationship advice guide or quiz landing page","900-1,500 words","What should I know about emotional maturity in relationships as a student?","Emotional Maturity in Relationships should answer the student’s main question first, then give practical Nigerian campus examples and safety-conscious next steps.","What emotional maturity in relationships means for students | Why it matters on Nigerian campuses | Practical steps and examples | Mistakes to avoid | Safety and privacy notes | How The College Date fits naturally | FAQs","Include student-specific scenarios, Nigerian campus context where relevant, and practical examples that are not copied from generic dating advice pages.","Use examples from lectures, hostels, faculty events, resumption periods, Lagos hangouts, student budgets, campus transport, group chats, and Android-first mobile usage where natural.","Verify any factual claims about The College Date, Nigerian locations, school terms, app features, and public safety guidance.","Official app pages, Google Play listing, university resources, reputable Nigerian media, expert-reviewed relationship or safety resources.","/safety | /student-dating | /communication-in-relationships-students | /download","/relationship-advice-for-students | /green-flags-in-a-relationship-students | /green-flag-checklist | /relationship-boundaries-students | /communication-in-relationships-students","/relationship-advice-for-students","Link to /safety when the page discusses meeting, privacy, scams, boundaries, consent, or messaging risk.","Explore student dating","Read safety guidance","One contextual CTA after the first useful section and one gentle final CTA. Avoid interrupting safety or wellbeing advice.","Emotional Maturity in Relationships visual with Nigerian student/campus context, app-neutral composition, and no fake testimonial elements.","Emotional Maturity in Relationships guide for Nigerian students","Article, FAQPage, BreadcrumbList","What is emotional maturity in relationships? | How should students approach emotional maturity in relationships? | What should Nigerian students know before acting on this advice?","Add a 40-60 word answer box near the top, followed by a concise checklist or table that can be cited by AI search systems.","Editorial author with Nigerian student lifestyle familiarity","Review every 6-12 months, sooner if user safety or product facts change.","Differentiate from /relationship-advice-for-students by keeping this page focused on emotional maturity in relationships.","Follow the Editorial Handbook: educate first, avoid stereotypes, avoid fake claims, use calm student-focused language, and make the content useful without search traffic.","Add canonical self-reference, BreadcrumbList, appropriate Article/FAQ/tool schema, internal related-links block, optimized image metadata, and sitemap inclusion only when published."
"REL-010","84","Long-Distance Relationships in University","Long-Distance Relationships in University","/long-distance-relationship-university","New page","long distance relationship university","long distance relationship during university, LDR students, university relationship","What is long distance relationship university? | How should students approach long distance relationship university? | What should Nigerian students know before acting on this advice? | How can The College Date help with this safely?","Informational","Awareness","Medium","Medium","6","8","4","5","60","Someone looking for a serious relationship","Healthy Relationships","Relationship advice guide or quiz landing page","900-1,500 words","What should I know about long distance relationship university as a student?","Long-Distance Relationships in University should answer the student’s main question first, then give practical Nigerian campus examples and safety-conscious next steps.","What long distance relationship university means for students | Why it matters on Nigerian campuses | Practical steps and examples | Mistakes to avoid | Safety and privacy notes | How The College Date fits naturally | FAQs","Include student-specific scenarios, Nigerian campus context where relevant, and practical examples that are not copied from generic dating advice pages.","Use examples from lectures, hostels, faculty events, resumption periods, Lagos hangouts, student budgets, campus transport, group chats, and Android-first mobile usage where natural.","Verify any factual claims about The College Date, Nigerian locations, school terms, app features, and public safety guidance.","Official app pages, Google Play listing, university resources, reputable Nigerian media, expert-reviewed relationship or safety resources.","/safety | /student-dating | /communication-in-relationships-students | /download","/relationship-advice-for-students | /green-flags-in-a-relationship-students | /green-flag-checklist | /relationship-boundaries-students | /communication-in-relationships-students","/relationship-advice-for-students","Link to /safety when the page discusses meeting, privacy, scams, boundaries, consent, or messaging risk.","Explore student dating","Read safety guidance","One contextual CTA after the first useful section and one gentle final CTA. Avoid interrupting safety or wellbeing advice.","Long-Distance Relationships in University visual with Nigerian student/campus context, app-neutral composition, and no fake testimonial elements.","Long-Distance Relationships in University guide for Nigerian students","Article, FAQPage, BreadcrumbList","What is long distance relationship university? | How should students approach long distance relationship university? | What should Nigerian students know before acting on this advice?","Add a 40-60 word answer box near the top, followed by a concise checklist or table that can be cited by AI search systems.","Editorial author with Nigerian student lifestyle familiarity","Review every 6-12 months, sooner if user safety or product facts change.","Differentiate from /relationship-advice-for-students by keeping this page focused on long distance relationship university.","Follow the Editorial Handbook: educate first, avoid stereotypes, avoid fake claims, use calm student-focused language, and make the content useful without search traffic.","Add canonical self-reference, BreadcrumbList, appropriate Article/FAQ/tool schema, internal related-links block, optimized image metadata, and sitemap inclusion only when published."
"REL-011","85","Love Languages for Students","Love Languages for Students","/love-languages-for-students","New page","love languages for students","love language quiz, love languages relationship, student couples","What is love languages for students? | How should students approach love languages for students? | What should Nigerian students know before acting on this advice? | How can The College Date help with this safely?","Informational","Awareness","High","High","6","7","5","4","58","Someone looking for a serious relationship","Healthy Relationships","Relationship advice guide or quiz landing page","900-1,500 words","What should I know about love languages for students as a student?","Love Languages for Students should answer the student’s main question first, then give practical Nigerian campus examples and safety-conscious next steps.","What love languages for students means for students | Why it matters on Nigerian campuses | Practical steps and examples | Mistakes to avoid | Safety and privacy notes | How The College Date fits naturally | FAQs","Include student-specific scenarios, Nigerian campus context where relevant, and practical examples that are not copied from generic dating advice pages.","Use examples from lectures, hostels, faculty events, resumption periods, Lagos hangouts, student budgets, campus transport, group chats, and Android-first mobile usage where natural.","Verify any factual claims about The College Date, Nigerian locations, school terms, app features, and public safety guidance.","Official app pages, Google Play listing, university resources, reputable Nigerian media, expert-reviewed relationship or safety resources.","/safety | /student-dating | /communication-in-relationships-students | /download","/relationship-advice-for-students | /green-flags-in-a-relationship-students | /green-flag-checklist | /relationship-boundaries-students | /communication-in-relationships-students","/relationship-advice-for-students","Link to /safety when the page discusses meeting, privacy, scams, boundaries, consent, or messaging risk.","Explore student dating","Read safety guidance","One contextual CTA after the first useful section and one gentle final CTA. Avoid interrupting safety or wellbeing advice.","Love Languages for Students visual with Nigerian student/campus context, app-neutral composition, and no fake testimonial elements.","Love Languages for Students guide for Nigerian students","Article, FAQPage, BreadcrumbList","What is love languages for students? | How should students approach love languages for students? | What should Nigerian students know before acting on this advice?","Add a 40-60 word answer box near the top, followed by a concise checklist or table that can be cited by AI search systems.","Editorial author with Nigerian student lifestyle familiarity","Review every 6-12 months, sooner if user safety or product facts change.","Differentiate from /relationship-advice-for-students by keeping this page focused on love languages for students.","Follow the Editorial Handbook: educate first, avoid stereotypes, avoid fake claims, use calm student-focused language, and make the content useful without search traffic.","Add canonical self-reference, BreadcrumbList, appropriate Article/FAQ/tool schema, internal related-links block, optimized image metadata, and sitemap inclusion only when published."
"REL-012","86","Compatibility Quiz for Students","Compatibility Quiz for Students","/compatibility-quiz-students","New page","compatibility quiz students","relationship compatibility quiz, student relationship quiz, dating compatibility","What is compatibility quiz students? | How should students approach compatibility quiz students? | What should Nigerian students know before acting on this advice? | How can The College Date help with this safely?","Mixed","Awareness","High","Medium","8","8","8","4","71","Someone looking for a serious relationship","Healthy Relationships","Relationship advice guide or quiz landing page","600-1,000 words plus interactive tool","What should I know about compatibility quiz students as a student?","Compatibility Quiz for Students should explain the tool quickly, show who it helps, and guide students toward a useful result before any product CTA.","What this tool does | Who should use it | How to use it | Privacy and safety notes | Recommended next steps | Related guides | FAQs","Include student-specific scenarios, Nigerian campus context where relevant, and practical examples that are not copied from generic dating advice pages.","Use examples from lectures, hostels, faculty events, resumption periods, Lagos hangouts, student budgets, campus transport, group chats, and Android-first mobile usage where natural.","Verify any factual claims about The College Date, Nigerian locations, school terms, app features, and public safety guidance.","Official app pages, Google Play listing, university resources, reputable Nigerian media, expert-reviewed relationship or safety resources.","/safety | /student-dating | /communication-in-relationships-students | /download","/relationship-advice-for-students | /green-flags-in-a-relationship-students | /green-flag-checklist | /relationship-boundaries-students | /communication-in-relationships-students","/relationship-advice-for-students","Link to /safety when the page discusses meeting, privacy, scams, boundaries, consent, or messaging risk.","Explore student dating","Read safety guidance","One contextual CTA after the first useful section and one gentle final CTA. Avoid interrupting safety or wellbeing advice.","Compatibility Quiz for Students visual with Nigerian student/campus context, app-neutral composition, and no fake testimonial elements.","Compatibility Quiz for Students guide for Nigerian students","SoftwareApplication, WebPage, FAQPage, BreadcrumbList","What is compatibility quiz students? | How should students approach compatibility quiz students? | What should Nigerian students know before acting on this advice?","Add a 40-60 word answer box near the top, followed by a concise checklist or table that can be cited by AI search systems.","Editorial author with Nigerian student lifestyle familiarity","Review every 6-12 months, sooner if user safety or product facts change.","Differentiate from /relationship-advice-for-students by keeping this page focused on compatibility quiz students.","Follow the Editorial Handbook: educate first, avoid stereotypes, avoid fake claims, use calm student-focused language, and make the content useful without search traffic.","Add canonical self-reference, BreadcrumbList, appropriate Article/FAQ/tool schema, internal related-links block, optimized image metadata, and sitemap inclusion only when published."
"BRK-001","87","Breakup Advice for Students","Breakup Advice for Students","/breakup-advice-students","New page","breakup advice students","breakup advice, student breakup, how to handle breakup in school","What is breakup advice students? | How should students approach breakup advice students? | What should Nigerian students know before acting on this advice? | How can The College Date help with this safely?","Informational","Awareness","Medium","Medium","5","8","2","7","58","Someone recovering from a breakup","Breakups, Rejection, and Emotional Wellbeing","Supportive advice guide","900-1,500 words","What should I know about breakup advice students as a student?","Breakup Advice for Students should answer the student’s main question first, then give practical Nigerian campus examples and safety-conscious next steps.","What breakup advice students means for students | Why it matters on Nigerian campuses | Practical steps and examples | Mistakes to avoid | Safety and privacy notes | How The College Date fits naturally | FAQs","Include student-specific scenarios, Nigerian campus context where relevant, and practical examples that are not copied from generic dating advice pages.","Use examples from lectures, hostels, faculty events, resumption periods, Lagos hangouts, student budgets, campus transport, group chats, and Android-first mobile usage where natural.","Verify any factual claims about The College Date, Nigerian locations, school terms, app features, and public safety guidance.","Official app pages, Google Play listing, university resources, reputable Nigerian media, expert-reviewed relationship or safety resources.","/relationship-advice-for-students | /safety | /support | /student-dating","/how-to-handle-rejection-dating | /how-to-move-on-from-breakup-students | /seeing-your-ex-on-campus | /how-to-know-when-to-date-again | /coping-with-ghosting","/breakup-advice-students","Link to /safety when the page discusses meeting, privacy, scams, boundaries, consent, or messaging risk.","Read related relationship guidance","Return when you feel ready","One contextual CTA after the first useful section and one gentle final CTA. Avoid interrupting safety or wellbeing advice.","Breakup Advice for Students visual with Nigerian student/campus context, app-neutral composition, and no fake testimonial elements.","Breakup Advice for Students guide for Nigerian students","Article, FAQPage, BreadcrumbList","What is breakup advice students? | How should students approach breakup advice students? | What should Nigerian students know before acting on this advice?","Add a 40-60 word answer box near the top, followed by a concise checklist or table that can be cited by AI search systems.","Editorial author with Nigerian student lifestyle familiarity","Review every 6-12 months, sooner if user safety or product facts change.","Differentiate from /breakup-advice-students by keeping this page focused on breakup advice students.","Follow the Editorial Handbook: educate first, avoid stereotypes, avoid fake claims, use calm student-focused language, and make the content useful without search traffic.","Add canonical self-reference, BreadcrumbList, appropriate Article/FAQ/tool schema, internal related-links block, optimized image metadata, and sitemap inclusion only when published."
"BRK-002","88","How to Handle Rejection in Dating","How to Handle Rejection in Dating","/how-to-handle-rejection-dating","New page","how to handle rejection dating","handle rejection gracefully, rejection in love, dating rejection","What is how to handle rejection dating? | How should students approach how to handle rejection dating? | What should Nigerian students know before acting on this advice? | How can The College Date help with this safely?","Informational","Awareness","High","High","5","8","2","6","56","Someone recovering from a breakup","Breakups, Rejection, and Emotional Wellbeing","Supportive advice guide","900-1,500 words","What should I know about how to handle rejection dating as a student?","How to Handle Rejection in Dating should answer the student’s main question first, then give practical Nigerian campus examples and safety-conscious next steps.","What how to handle rejection dating means for students | Why it matters on Nigerian campuses | Practical steps and examples | Mistakes to avoid | Safety and privacy notes | How The College Date fits naturally | FAQs","Include student-specific scenarios, Nigerian campus context where relevant, and practical examples that are not copied from generic dating advice pages.","Use examples from lectures, hostels, faculty events, resumption periods, Lagos hangouts, student budgets, campus transport, group chats, and Android-first mobile usage where natural.","Verify any factual claims about The College Date, Nigerian locations, school terms, app features, and public safety guidance.","Official app pages, Google Play listing, university resources, reputable Nigerian media, expert-reviewed relationship or safety resources.","/relationship-advice-for-students | /safety | /support | /student-dating","/breakup-advice-students | /how-to-move-on-from-breakup-students | /seeing-your-ex-on-campus | /how-to-know-when-to-date-again | /coping-with-ghosting","/breakup-advice-students","Link to /safety when the page discusses meeting, privacy, scams, boundaries, consent, or messaging risk.","Read related relationship guidance","Return when you feel ready","One contextual CTA after the first useful section and one gentle final CTA. Avoid interrupting safety or wellbeing advice.","How to Handle Rejection in Dating visual with Nigerian student/campus context, app-neutral composition, and no fake testimonial elements.","How to Handle Rejection in Dating guide for Nigerian students","Article, FAQPage, BreadcrumbList","What is how to handle rejection dating? | How should students approach how to handle rejection dating? | What should Nigerian students know before acting on this advice?","Add a 40-60 word answer box near the top, followed by a concise checklist or table that can be cited by AI search systems.","Editorial author with Nigerian student lifestyle familiarity","Review every 6-12 months, sooner if user safety or product facts change.","Differentiate from /breakup-advice-students by keeping this page focused on how to handle rejection dating.","Follow the Editorial Handbook: educate first, avoid stereotypes, avoid fake claims, use calm student-focused language, and make the content useful without search traffic.","Add canonical self-reference, BreadcrumbList, appropriate Article/FAQ/tool schema, internal related-links block, optimized image metadata, and sitemap inclusion only when published."
"BRK-003","89","How to Move On From a Breakup as a Student","How to Move On From a Breakup as a Student","/how-to-move-on-from-breakup-students","New page","how to move on from a breakup","move on from breakup, breakup recovery, student heartbreak","What is how to move on from a breakup? | How should students approach how to move on from a breakup? | What should Nigerian students know before acting on this advice? | How can The College Date help with this safely?","Informational","Awareness","Very High","High","5","8","2","7","61","Someone recovering from a breakup","Breakups, Rejection, and Emotional Wellbeing","Supportive advice guide","900-1,500 words","What should I know about how to move on from a breakup as a student?","How to Move On From a Breakup as a Student should answer the student’s main question first, then give practical Nigerian campus examples and safety-conscious next steps.","What how to move on from a breakup means for students | Why it matters on Nigerian campuses | Practical steps and examples | Mistakes to avoid | Safety and privacy notes | How The College Date fits naturally | FAQs","Include student-specific scenarios, Nigerian campus context where relevant, and practical examples that are not copied from generic dating advice pages.","Use examples from lectures, hostels, faculty events, resumption periods, Lagos hangouts, student budgets, campus transport, group chats, and Android-first mobile usage where natural.","Verify any factual claims about The College Date, Nigerian locations, school terms, app features, and public safety guidance.","Official app pages, Google Play listing, university resources, reputable Nigerian media, expert-reviewed relationship or safety resources.","/relationship-advice-for-students | /safety | /support | /student-dating","/breakup-advice-students | /how-to-handle-rejection-dating | /seeing-your-ex-on-campus | /how-to-know-when-to-date-again | /coping-with-ghosting","/breakup-advice-students","Link to /safety when the page discusses meeting, privacy, scams, boundaries, consent, or messaging risk.","Read related relationship guidance","Return when you feel ready","One contextual CTA after the first useful section and one gentle final CTA. Avoid interrupting safety or wellbeing advice.","How to Move On From a Breakup as a Student visual with Nigerian student/campus context, app-neutral composition, and no fake testimonial elements.","How to Move On From a Breakup as a Student guide for Nigerian students","Article, FAQPage, BreadcrumbList","What is how to move on from a breakup? | How should students approach how to move on from a breakup? | What should Nigerian students know before acting on this advice?","Add a 40-60 word answer box near the top, followed by a concise checklist or table that can be cited by AI search systems.","Editorial author with Nigerian student lifestyle familiarity","Review every 6-12 months, sooner if user safety or product facts change.","Differentiate from /breakup-advice-students by keeping this page focused on how to move on from a breakup.","Follow the Editorial Handbook: educate first, avoid stereotypes, avoid fake claims, use calm student-focused language, and make the content useful without search traffic.","Add canonical self-reference, BreadcrumbList, appropriate Article/FAQ/tool schema, internal related-links block, optimized image metadata, and sitemap inclusion only when published."
"BRK-004","90","Seeing Your Ex on Campus","Seeing Your Ex on Campus","/seeing-your-ex-on-campus","New page","seeing your ex on campus","ex on campus, how to act around your ex, student breakup","What is seeing your ex on campus? | How should students approach seeing your ex on campus? | What should Nigerian students know before acting on this advice? | How can The College Date help with this safely?","Informational","Awareness","Low","Low","4","7","1","6","51","Someone recovering from a breakup","Breakups, Rejection, and Emotional Wellbeing","Supportive advice guide","900-1,500 words","What should I know about seeing your ex on campus as a student?","Seeing Your Ex on Campus should answer the student’s main question first, then give practical Nigerian campus examples and safety-conscious next steps.","What seeing your ex on campus means for students | Why it matters on Nigerian campuses | Practical steps and examples | Mistakes to avoid | Safety and privacy notes | How The College Date fits naturally | FAQs","Include student-specific scenarios, Nigerian campus context where relevant, and practical examples that are not copied from generic dating advice pages.","Use examples from lectures, hostels, faculty events, resumption periods, Lagos hangouts, student budgets, campus transport, group chats, and Android-first mobile usage where natural.","Verify any factual claims about The College Date, Nigerian locations, school terms, app features, and public safety guidance.","Official app pages, Google Play listing, university resources, reputable Nigerian media, expert-reviewed relationship or safety resources.","/relationship-advice-for-students | /safety | /support | /student-dating","/breakup-advice-students | /how-to-handle-rejection-dating | /how-to-move-on-from-breakup-students | /how-to-know-when-to-date-again | /coping-with-ghosting","/breakup-advice-students","Link to /safety when the page discusses meeting, privacy, scams, boundaries, consent, or messaging risk.","Read related relationship guidance","Return when you feel ready","One contextual CTA after the first useful section and one gentle final CTA. Avoid interrupting safety or wellbeing advice.","Seeing Your Ex on Campus visual with Nigerian student/campus context, app-neutral composition, and no fake testimonial elements.","Seeing Your Ex on Campus guide for Nigerian students","Article, FAQPage, BreadcrumbList","What is seeing your ex on campus? | How should students approach seeing your ex on campus? | What should Nigerian students know before acting on this advice?","Add a 40-60 word answer box near the top, followed by a concise checklist or table that can be cited by AI search systems.","Editorial author with Nigerian student lifestyle familiarity","Review every 6-12 months, sooner if user safety or product facts change.","Differentiate from /breakup-advice-students by keeping this page focused on seeing your ex on campus.","Follow the Editorial Handbook: educate first, avoid stereotypes, avoid fake claims, use calm student-focused language, and make the content useful without search traffic.","Add canonical self-reference, BreadcrumbList, appropriate Article/FAQ/tool schema, internal related-links block, optimized image metadata, and sitemap inclusion only when published."
"BRK-005","91","How to Know When You Are Ready to Date Again","How to Know When You Are Ready to Date Again","/how-to-know-when-to-date-again","New page","when to date again after breakup","ready to date again, dating after breakup, emotional readiness","What is when to date again after breakup? | How should students approach when to date again after breakup? | What should Nigerian students know before acting on this advice? | How can The College Date help with this safely?","Informational","Awareness","Medium","Medium","5","7","3","6","56","Someone recovering from a breakup","Breakups, Rejection, and Emotional Wellbeing","Supportive advice guide","900-1,500 words","What should I know about when to date again after breakup as a student?","How to Know When You Are Ready to Date Again should answer the student’s main question first, then give practical Nigerian campus examples and safety-conscious next steps.","What when to date again after breakup means for students | Why it matters on Nigerian campuses | Practical steps and examples | Mistakes to avoid | Safety and privacy notes | How The College Date fits naturally | FAQs","Include student-specific scenarios, Nigerian campus context where relevant, and practical examples that are not copied from generic dating advice pages.","Use examples from lectures, hostels, faculty events, resumption periods, Lagos hangouts, student budgets, campus transport, group chats, and Android-first mobile usage where natural.","Verify any factual claims about The College Date, Nigerian locations, school terms, app features, and public safety guidance.","Official app pages, Google Play listing, university resources, reputable Nigerian media, expert-reviewed relationship or safety resources.","/relationship-advice-for-students | /safety | /support | /student-dating","/breakup-advice-students | /how-to-handle-rejection-dating | /how-to-move-on-from-breakup-students | /seeing-your-ex-on-campus | /coping-with-ghosting","/breakup-advice-students","Link to /safety when the page discusses meeting, privacy, scams, boundaries, consent, or messaging risk.","Read related relationship guidance","Return when you feel ready","One contextual CTA after the first useful section and one gentle final CTA. Avoid interrupting safety or wellbeing advice.","How to Know When You Are Ready to Date Again visual with Nigerian student/campus context, app-neutral composition, and no fake testimonial elements.","How to Know When You Are Ready to Date Again guide for Nigerian students","Article, FAQPage, BreadcrumbList","What is when to date again after breakup? | How should students approach when to date again after breakup? | What should Nigerian students know before acting on this advice?","Add a 40-60 word answer box near the top, followed by a concise checklist or table that can be cited by AI search systems.","Editorial author with Nigerian student lifestyle familiarity","Review every 6-12 months, sooner if user safety or product facts change.","Differentiate from /breakup-advice-students by keeping this page focused on when to date again after breakup.","Follow the Editorial Handbook: educate first, avoid stereotypes, avoid fake claims, use calm student-focused language, and make the content useful without search traffic.","Add canonical self-reference, BreadcrumbList, appropriate Article/FAQ/tool schema, internal related-links block, optimized image metadata, and sitemap inclusion only when published."
"BRK-006","92","Coping With Ghosting","Coping With Ghosting","/coping-with-ghosting","New page","coping with ghosting","how to deal with ghosting, ghosted after talking, dating ghosting","What is coping with ghosting? | How should students approach coping with ghosting? | What should Nigerian students know before acting on this advice? | How can The College Date help with this safely?","Informational","Awareness","Medium","Medium","5","7","2","6","55","Someone recovering from a breakup","Breakups, Rejection, and Emotional Wellbeing","Supportive advice guide","900-1,500 words","What should I know about coping with ghosting as a student?","Coping With Ghosting should answer the student’s main question first, then give practical Nigerian campus examples and safety-conscious next steps.","What coping with ghosting means for students | Why it matters on Nigerian campuses | Practical steps and examples | Mistakes to avoid | Safety and privacy notes | How The College Date fits naturally | FAQs","Include student-specific scenarios, Nigerian campus context where relevant, and practical examples that are not copied from generic dating advice pages.","Use examples from lectures, hostels, faculty events, resumption periods, Lagos hangouts, student budgets, campus transport, group chats, and Android-first mobile usage where natural.","Verify any factual claims about The College Date, Nigerian locations, school terms, app features, and public safety guidance.","Official app pages, Google Play listing, university resources, reputable Nigerian media, expert-reviewed relationship or safety resources.","/relationship-advice-for-students | /safety | /support | /student-dating","/breakup-advice-students | /how-to-handle-rejection-dating | /how-to-move-on-from-breakup-students | /seeing-your-ex-on-campus | /how-to-know-when-to-date-again","/breakup-advice-students","Link to /safety when the page discusses meeting, privacy, scams, boundaries, consent, or messaging risk.","Read related relationship guidance","Return when you feel ready","One contextual CTA after the first useful section and one gentle final CTA. Avoid interrupting safety or wellbeing advice.","Coping With Ghosting visual with Nigerian student/campus context, app-neutral composition, and no fake testimonial elements.","Coping With Ghosting guide for Nigerian students","Article, FAQPage, BreadcrumbList","What is coping with ghosting? | How should students approach coping with ghosting? | What should Nigerian students know before acting on this advice?","Add a 40-60 word answer box near the top, followed by a concise checklist or table that can be cited by AI search systems.","Editorial author with Nigerian student lifestyle familiarity","Review every 6-12 months, sooner if user safety or product facts change.","Differentiate from /breakup-advice-students by keeping this page focused on coping with ghosting.","Follow the Editorial Handbook: educate first, avoid stereotypes, avoid fake claims, use calm student-focused language, and make the content useful without search traffic.","Add canonical self-reference, BreadcrumbList, appropriate Article/FAQ/tool schema, internal related-links block, optimized image metadata, and sitemap inclusion only when published."
"BRK-007","93","How to End a Relationship Respectfully","How to End a Relationship Respectfully","/how-to-end-a-relationship-respectfully","New page","how to end a relationship respectfully","break up respectfully, end relationship kindly, student breakup advice","What is how to end a relationship respectfully? | How should students approach how to end a relationship respectfully? | What should Nigerian students know before acting on this advice? | How can The College Date help with this safely?","Informational","Awareness","Medium","Medium","5","8","2","7","58","Someone recovering from a breakup","Breakups, Rejection, and Emotional Wellbeing","Supportive advice guide","900-1,500 words","What should I know about how to end a relationship respectfully as a student?","How to End a Relationship Respectfully should answer the student’s main question first, then give practical Nigerian campus examples and safety-conscious next steps.","What how to end a relationship respectfully means for students | Why it matters on Nigerian campuses | Practical steps and examples | Mistakes to avoid | Safety and privacy notes | How The College Date fits naturally | FAQs","Include student-specific scenarios, Nigerian campus context where relevant, and practical examples that are not copied from generic dating advice pages.","Use examples from lectures, hostels, faculty events, resumption periods, Lagos hangouts, student budgets, campus transport, group chats, and Android-first mobile usage where natural.","Verify any factual claims about The College Date, Nigerian locations, school terms, app features, and public safety guidance.","Official app pages, Google Play listing, university resources, reputable Nigerian media, expert-reviewed relationship or safety resources.","/relationship-advice-for-students | /safety | /support | /student-dating","/breakup-advice-students | /how-to-handle-rejection-dating | /how-to-move-on-from-breakup-students | /seeing-your-ex-on-campus | /how-to-know-when-to-date-again","/breakup-advice-students","Link to /safety when the page discusses meeting, privacy, scams, boundaries, consent, or messaging risk.","Read related relationship guidance","Return when you feel ready","One contextual CTA after the first useful section and one gentle final CTA. Avoid interrupting safety or wellbeing advice.","How to End a Relationship Respectfully visual with Nigerian student/campus context, app-neutral composition, and no fake testimonial elements.","How to End a Relationship Respectfully guide for Nigerian students","Article, FAQPage, BreadcrumbList","What is how to end a relationship respectfully? | How should students approach how to end a relationship respectfully? | What should Nigerian students know before acting on this advice?","Add a 40-60 word answer box near the top, followed by a concise checklist or table that can be cited by AI search systems.","Editorial author with Nigerian student lifestyle familiarity","Review every 6-12 months, sooner if user safety or product facts change.","Differentiate from /breakup-advice-students by keeping this page focused on how to end a relationship respectfully.","Follow the Editorial Handbook: educate first, avoid stereotypes, avoid fake claims, use calm student-focused language, and make the content useful without search traffic.","Add canonical self-reference, BreadcrumbList, appropriate Article/FAQ/tool schema, internal related-links block, optimized image metadata, and sitemap inclusion only when published."
"CUL-001","94","Dating Culture in Nigeria for Students","Dating Culture in Nigeria for Students","/dating-culture-in-nigeria-students","New page","dating culture in Nigeria","dating in Nigerian culture, Nigerian student dating, university dating culture","What is dating culture in Nigeria? | How should students approach dating culture in Nigeria? | What should Nigerian students know before acting on this advice? | How can The College Date help with this safely?","Informational","Awareness","High","Medium","7","10","5","6","71","International student studying in Nigeria","Nigerian Dating Culture and Student Lifestyle","Culture or student lifestyle guide","900-1,500 words","What should I know about dating culture in Nigeria as a student?","Dating Culture in Nigeria for Students should answer the student’s main question first, then give practical Nigerian campus examples and safety-conscious next steps.","What dating culture in Nigeria means for students | Why it matters on Nigerian campuses | Practical steps and examples | Mistakes to avoid | Safety and privacy notes | How The College Date fits naturally | FAQs","Include student-specific scenarios, Nigerian campus context where relevant, and practical examples that are not copied from generic dating advice pages.","Use examples from lectures, hostels, faculty events, resumption periods, Lagos hangouts, student budgets, campus transport, group chats, and Android-first mobile usage where natural.","Verify any factual claims about The College Date, Nigerian locations, school terms, app features, and public safety guidance.","Official app pages, Google Play listing, university resources, reputable Nigerian media, expert-reviewed relationship or safety resources.","/university-dating-nigeria | /campus-dating | /safety | /download","/campus-relationship-expectations-nigeria | /social-media-and-relationships-students | /valentine-ideas-students-nigeria | /student-budget-dating-nigeria | /dating-expectations-nigerian-students","/dating-culture-in-nigeria-students","Link to /safety when the page discusses meeting, privacy, scams, boundaries, consent, or messaging risk.","Explore The College Date","Read campus safety tips","One contextual CTA after the first useful section and one gentle final CTA. Avoid interrupting safety or wellbeing advice.","Dating Culture in Nigeria for Students visual with Nigerian student/campus context, app-neutral composition, and no fake testimonial elements.","Dating Culture in Nigeria for Students guide for Nigerian students","Article, FAQPage, BreadcrumbList","What is dating culture in Nigeria? | How should students approach dating culture in Nigeria? | What should Nigerian students know before acting on this advice?","Add a 40-60 word answer box near the top, followed by a concise checklist or table that can be cited by AI search systems.","Editorial author with Nigerian student lifestyle familiarity","Review every 6-12 months, sooner if user safety or product facts change.","Differentiate from /dating-culture-in-nigeria-students by keeping this page focused on dating culture in Nigeria.","Follow the Editorial Handbook: educate first, avoid stereotypes, avoid fake claims, use calm student-focused language, and make the content useful without search traffic.","Add canonical self-reference, BreadcrumbList, appropriate Article/FAQ/tool schema, internal related-links block, optimized image metadata, and sitemap inclusion only when published."
"CUL-002","95","Campus Relationship Expectations in Nigerian Universities","Campus Relationship Expectations in Nigerian Universities","/campus-relationship-expectations-nigeria","New page","university dating culture Nigeria","dating in Nigerian universities, campus relationship expectations, student relationships Nigeria","What is university dating culture Nigeria? | How should students approach university dating culture Nigeria? | What should Nigerian students know before acting on this advice? | How can The College Date help with this safely?","Informational","Awareness","Medium","Medium","7","10","5","6","67","International student studying in Nigeria","Nigerian Dating Culture and Student Lifestyle","Culture or student lifestyle guide","900-1,500 words","What should I know about university dating culture Nigeria as a student?","Campus Relationship Expectations in Nigerian Universities should answer the student’s main question first, then give practical Nigerian campus examples and safety-conscious next steps.","What university dating culture Nigeria means for students | Why it matters on Nigerian campuses | Practical steps and examples | Mistakes to avoid | Safety and privacy notes | How The College Date fits naturally | FAQs","Include student-specific scenarios, Nigerian campus context where relevant, and practical examples that are not copied from generic dating advice pages.","Use examples from lectures, hostels, faculty events, resumption periods, Lagos hangouts, student budgets, campus transport, group chats, and Android-first mobile usage where natural.","Verify any factual claims about The College Date, Nigerian locations, school terms, app features, and public safety guidance.","Official app pages, Google Play listing, university resources, reputable Nigerian media, expert-reviewed relationship or safety resources.","/university-dating-nigeria | /campus-dating | /safety | /download","/dating-culture-in-nigeria-students | /social-media-and-relationships-students | /valentine-ideas-students-nigeria | /student-budget-dating-nigeria | /dating-expectations-nigerian-students","/dating-culture-in-nigeria-students","Link to /safety when the page discusses meeting, privacy, scams, boundaries, consent, or messaging risk.","Explore The College Date","Read campus safety tips","One contextual CTA after the first useful section and one gentle final CTA. Avoid interrupting safety or wellbeing advice.","Campus Relationship Expectations in Nigerian Universities visual with Nigerian student/campus context, app-neutral composition, and no fake testimonial elements.","Campus Relationship Expectations in Nigerian Universities guide for Nigerian students","Article, FAQPage, BreadcrumbList","What is university dating culture Nigeria? | How should students approach university dating culture Nigeria? | What should Nigerian students know before acting on this advice?","Add a 40-60 word answer box near the top, followed by a concise checklist or table that can be cited by AI search systems.","Editorial author with Nigerian student lifestyle familiarity","Review every 6-12 months, sooner if user safety or product facts change.","Differentiate from /dating-culture-in-nigeria-students by keeping this page focused on university dating culture Nigeria.","Follow the Editorial Handbook: educate first, avoid stereotypes, avoid fake claims, use calm student-focused language, and make the content useful without search traffic.","Add canonical self-reference, BreadcrumbList, appropriate Article/FAQ/tool schema, internal related-links block, optimized image metadata, and sitemap inclusion only when published."
"CUL-003","96","Social Media and Relationships for Students","Social Media and Relationships for Students","/social-media-and-relationships-students","New page","social media and relationships","social media relationship problems, student relationships, online boundaries","What is social media and relationships? | How should students approach social media and relationships? | What should Nigerian students know before acting on this advice? | How can The College Date help with this safely?","Informational","Awareness","High","High","6","8","3","7","60","International student studying in Nigeria","Nigerian Dating Culture and Student Lifestyle","Culture or student lifestyle guide","900-1,500 words","What should I know about social media and relationships as a student?","Social Media and Relationships for Students should answer the student’s main question first, then give practical Nigerian campus examples and safety-conscious next steps.","What social media and relationships means for students | Why it matters on Nigerian campuses | Practical steps and examples | Mistakes to avoid | Safety and privacy notes | How The College Date fits naturally | FAQs","Include student-specific scenarios, Nigerian campus context where relevant, and practical examples that are not copied from generic dating advice pages.","Use examples from lectures, hostels, faculty events, resumption periods, Lagos hangouts, student budgets, campus transport, group chats, and Android-first mobile usage where natural.","Verify any factual claims about The College Date, Nigerian locations, school terms, app features, and public safety guidance.","Official app pages, Google Play listing, university resources, reputable Nigerian media, expert-reviewed relationship or safety resources.","/university-dating-nigeria | /campus-dating | /safety | /download","/dating-culture-in-nigeria-students | /campus-relationship-expectations-nigeria | /valentine-ideas-students-nigeria | /student-budget-dating-nigeria | /dating-expectations-nigerian-students","/dating-culture-in-nigeria-students","Link to /safety when the page discusses meeting, privacy, scams, boundaries, consent, or messaging risk.","Explore The College Date","Read campus safety tips","One contextual CTA after the first useful section and one gentle final CTA. Avoid interrupting safety or wellbeing advice.","Social Media and Relationships for Students visual with Nigerian student/campus context, app-neutral composition, and no fake testimonial elements.","Social Media and Relationships for Students guide for Nigerian students","Article, FAQPage, BreadcrumbList","What is social media and relationships? | How should students approach social media and relationships? | What should Nigerian students know before acting on this advice?","Add a 40-60 word answer box near the top, followed by a concise checklist or table that can be cited by AI search systems.","Editorial author with Nigerian student lifestyle familiarity","Review every 6-12 months, sooner if user safety or product facts change.","Differentiate from /dating-culture-in-nigeria-students by keeping this page focused on social media and relationships.","Follow the Editorial Handbook: educate first, avoid stereotypes, avoid fake claims, use calm student-focused language, and make the content useful without search traffic.","Add canonical self-reference, BreadcrumbList, appropriate Article/FAQ/tool schema, internal related-links block, optimized image metadata, and sitemap inclusion only when published."
"CUL-004","97","Valentine Ideas for Students in Nigeria","Valentine Ideas for Students in Nigeria","/valentine-ideas-students-nigeria","New page","Valentine ideas students Nigeria","Valentine ideas for students, cheap Valentine ideas, student date ideas","What is Valentine ideas students Nigeria? | How should students approach Valentine ideas students Nigeria? | What should Nigerian students know before acting on this advice? | How can The College Date help with this safely?","Informational","Awareness","Seasonal","Medium","7","7","6","5","63","International student studying in Nigeria","Nigerian Dating Culture and Student Lifestyle","Culture or student lifestyle guide","900-1,500 words","What should I know about Valentine ideas students Nigeria as a student?","Valentine Ideas for Students in Nigeria should answer the student’s main question first, then give practical Nigerian campus examples and safety-conscious next steps.","What Valentine ideas students Nigeria means for students | Why it matters on Nigerian campuses | Practical steps and examples | Mistakes to avoid | Safety and privacy notes | How The College Date fits naturally | FAQs","Include student-specific scenarios, Nigerian campus context where relevant, and practical examples that are not copied from generic dating advice pages.","Use examples from lectures, hostels, faculty events, resumption periods, Lagos hangouts, student budgets, campus transport, group chats, and Android-first mobile usage where natural.","Verify any factual claims about The College Date, Nigerian locations, school terms, app features, and public safety guidance.","Official app pages, Google Play listing, university resources, reputable Nigerian media, expert-reviewed relationship or safety resources.","/university-dating-nigeria | /campus-dating | /safety | /download","/dating-culture-in-nigeria-students | /campus-relationship-expectations-nigeria | /social-media-and-relationships-students | /student-budget-dating-nigeria | /dating-expectations-nigerian-students","/dating-culture-in-nigeria-students","Link to /safety when the page discusses meeting, privacy, scams, boundaries, consent, or messaging risk.","Explore The College Date","Read campus safety tips","One contextual CTA after the first useful section and one gentle final CTA. Avoid interrupting safety or wellbeing advice.","Valentine Ideas for Students in Nigeria visual with Nigerian student/campus context, app-neutral composition, and no fake testimonial elements.","Valentine Ideas for Students in Nigeria guide for Nigerian students","Article, FAQPage, BreadcrumbList","What is Valentine ideas students Nigeria? | How should students approach Valentine ideas students Nigeria? | What should Nigerian students know before acting on this advice?","Add a 40-60 word answer box near the top, followed by a concise checklist or table that can be cited by AI search systems.","Editorial author with Nigerian student lifestyle familiarity","Review annually before the relevant season.","Differentiate from /dating-culture-in-nigeria-students by keeping this page focused on Valentine ideas students Nigeria.","Follow the Editorial Handbook: educate first, avoid stereotypes, avoid fake claims, use calm student-focused language, and make the content useful without search traffic.","Add canonical self-reference, BreadcrumbList, appropriate Article/FAQ/tool schema, internal related-links block, optimized image metadata, and sitemap inclusion only when published."
"CUL-005","98","Student Budget Dating in Nigeria","Student Budget Dating in Nigeria","/student-budget-dating-nigeria","New page","student budget dating","dating on a student budget, affordable dating Nigeria, cheap student dates","What is student budget dating? | How should students approach student budget dating? | What should Nigerian students know before acting on this advice? | How can The College Date help with this safely?","Informational","Awareness","Emerging","Low","7","8","6","5","65","International student studying in Nigeria","Nigerian Dating Culture and Student Lifestyle","Culture or student lifestyle guide","900-1,500 words","What should I know about student budget dating as a student?","Student Budget Dating in Nigeria should answer the student’s main question first, then give practical Nigerian campus examples and safety-conscious next steps.","What student budget dating means for students | Why it matters on Nigerian campuses | Practical steps and examples | Mistakes to avoid | Safety and privacy notes | How The College Date fits naturally | FAQs","Include student-specific scenarios, Nigerian campus context where relevant, and practical examples that are not copied from generic dating advice pages.","Use examples from lectures, hostels, faculty events, resumption periods, Lagos hangouts, student budgets, campus transport, group chats, and Android-first mobile usage where natural.","Verify any factual claims about The College Date, Nigerian locations, school terms, app features, and public safety guidance.","Official app pages, Google Play listing, university resources, reputable Nigerian media, expert-reviewed relationship or safety resources.","/university-dating-nigeria | /campus-dating | /safety | /download","/dating-culture-in-nigeria-students | /campus-relationship-expectations-nigeria | /social-media-and-relationships-students | /valentine-ideas-students-nigeria | /dating-expectations-nigerian-students","/dating-culture-in-nigeria-students","Link to /safety when the page discusses meeting, privacy, scams, boundaries, consent, or messaging risk.","Explore The College Date","Read campus safety tips","One contextual CTA after the first useful section and one gentle final CTA. Avoid interrupting safety or wellbeing advice.","Student Budget Dating in Nigeria visual with Nigerian student/campus context, app-neutral composition, and no fake testimonial elements.","Student Budget Dating in Nigeria guide for Nigerian students","Article, FAQPage, BreadcrumbList","What is student budget dating? | How should students approach student budget dating? | What should Nigerian students know before acting on this advice?","Add a 40-60 word answer box near the top, followed by a concise checklist or table that can be cited by AI search systems.","Editorial author with Nigerian student lifestyle familiarity","Review every 6-12 months, sooner if user safety or product facts change.","Differentiate from /dating-culture-in-nigeria-students by keeping this page focused on student budget dating.","Follow the Editorial Handbook: educate first, avoid stereotypes, avoid fake claims, use calm student-focused language, and make the content useful without search traffic.","Add canonical self-reference, BreadcrumbList, appropriate Article/FAQ/tool schema, internal related-links block, optimized image metadata, and sitemap inclusion only when published."
"CUL-006","99","Dating Expectations Among Nigerian Students","Dating Expectations Among Nigerian Students","/dating-expectations-nigerian-students","New page","dating expectations Nigerian students","relationship expectations, Nigerian student dating culture, serious dating","What is dating expectations Nigerian students? | How should students approach dating expectations Nigerian students? | What should Nigerian students know before acting on this advice? | How can The College Date help with this safely?","Informational","Awareness","Medium","Medium","6","8","4","6","61","International student studying in Nigeria","Nigerian Dating Culture and Student Lifestyle","Culture or student lifestyle guide","900-1,500 words","What should I know about dating expectations Nigerian students as a student?","Dating Expectations Among Nigerian Students should answer the student’s main question first, then give practical Nigerian campus examples and safety-conscious next steps.","What dating expectations Nigerian students means for students | Why it matters on Nigerian campuses | Practical steps and examples | Mistakes to avoid | Safety and privacy notes | How The College Date fits naturally | FAQs","Include student-specific scenarios, Nigerian campus context where relevant, and practical examples that are not copied from generic dating advice pages.","Use examples from lectures, hostels, faculty events, resumption periods, Lagos hangouts, student budgets, campus transport, group chats, and Android-first mobile usage where natural.","Verify any factual claims about The College Date, Nigerian locations, school terms, app features, and public safety guidance.","Official app pages, Google Play listing, university resources, reputable Nigerian media, expert-reviewed relationship or safety resources.","/university-dating-nigeria | /campus-dating | /safety | /download","/dating-culture-in-nigeria-students | /campus-relationship-expectations-nigeria | /social-media-and-relationships-students | /valentine-ideas-students-nigeria | /student-budget-dating-nigeria","/dating-culture-in-nigeria-students","Link to /safety when the page discusses meeting, privacy, scams, boundaries, consent, or messaging risk.","Explore The College Date","Read campus safety tips","One contextual CTA after the first useful section and one gentle final CTA. Avoid interrupting safety or wellbeing advice.","Dating Expectations Among Nigerian Students visual with Nigerian student/campus context, app-neutral composition, and no fake testimonial elements.","Dating Expectations Among Nigerian Students guide for Nigerian students","Article, FAQPage, BreadcrumbList","What is dating expectations Nigerian students? | How should students approach dating expectations Nigerian students? | What should Nigerian students know before acting on this advice?","Add a 40-60 word answer box near the top, followed by a concise checklist or table that can be cited by AI search systems.","Editorial author with Nigerian student lifestyle familiarity","Review every 6-12 months, sooner if user safety or product facts change.","Differentiate from /dating-culture-in-nigeria-students by keeping this page focused on dating expectations Nigerian students.","Follow the Editorial Handbook: educate first, avoid stereotypes, avoid fake claims, use calm student-focused language, and make the content useful without search traffic.","Add canonical self-reference, BreadcrumbList, appropriate Article/FAQ/tool schema, internal related-links block, optimized image metadata, and sitemap inclusion only when published."
"CUL-007","100","Resumption Week Dating and Social Life","Resumption Week Dating and Social Life","/resumption-week-dating-students","New page","resumption week dating","freshers week dating, campus resumption, student social life","What is resumption week dating? | How should students approach resumption week dating? | What should Nigerian students know before acting on this advice? | How can The College Date help with this safely?","Informational","Awareness","Seasonal","Low","6","7","5","5","64","International student studying in Nigeria","Nigerian Dating Culture and Student Lifestyle","Culture or student lifestyle guide","900-1,500 words","What should I know about resumption week dating as a student?","Resumption Week Dating and Social Life should answer the student’s main question first, then give practical Nigerian campus examples and safety-conscious next steps.","What resumption week dating means for students | Why it matters on Nigerian campuses | Practical steps and examples | Mistakes to avoid | Safety and privacy notes | How The College Date fits naturally | FAQs","Include student-specific scenarios, Nigerian campus context where relevant, and practical examples that are not copied from generic dating advice pages.","Use examples from lectures, hostels, faculty events, resumption periods, Lagos hangouts, student budgets, campus transport, group chats, and Android-first mobile usage where natural.","Verify any factual claims about The College Date, Nigerian locations, school terms, app features, and public safety guidance.","Official app pages, Google Play listing, university resources, reputable Nigerian media, expert-reviewed relationship or safety resources.","/university-dating-nigeria | /campus-dating | /safety | /download","/dating-culture-in-nigeria-students | /campus-relationship-expectations-nigeria | /social-media-and-relationships-students | /valentine-ideas-students-nigeria | /student-budget-dating-nigeria","/dating-culture-in-nigeria-students","Link to /safety when the page discusses meeting, privacy, scams, boundaries, consent, or messaging risk.","Explore The College Date","Read campus safety tips","One contextual CTA after the first useful section and one gentle final CTA. Avoid interrupting safety or wellbeing advice.","Resumption Week Dating and Social Life visual with Nigerian student/campus context, app-neutral composition, and no fake testimonial elements.","Resumption Week Dating and Social Life guide for Nigerian students","Article, FAQPage, BreadcrumbList","What is resumption week dating? | How should students approach resumption week dating? | What should Nigerian students know before acting on this advice?","Add a 40-60 word answer box near the top, followed by a concise checklist or table that can be cited by AI search systems.","Editorial author with Nigerian student lifestyle familiarity","Review annually before the relevant season.","Differentiate from /dating-culture-in-nigeria-students by keeping this page focused on resumption week dating.","Follow the Editorial Handbook: educate first, avoid stereotypes, avoid fake claims, use calm student-focused language, and make the content useful without search traffic.","Add canonical self-reference, BreadcrumbList, appropriate Article/FAQ/tool schema, internal related-links block, optimized image metadata, and sitemap inclusion only when published."